image_id,dataset,relative_path,original_label,sha256,canonical_label,split,duplicate_group_id
plantdoc_2a362334306a99af736a654b2048d3914c85ccb6443dcb7698ad97a663850dd6,plantdoc,data/processed/tomato_plantdoc/tomato_leaf_bacterial_spot/test_%2320+Bacterial+Spot+and+Speck.jpg,tomato_leaf_bacterial_spot,b609929106ab0044de24717ceb091163e7630ec3460ec18c6d9c7bf2b996121c,,,
plantdoc_e6d8ee887d3cdab71fb9bcd730e88f971d271f19d9867349f2c172e0d20af266,plantdoc,data/processed/tomato_plantdoc/tomato_leaf_bacterial_spot/test_07.17.18-Common_Tomato_Diseases_Canker-258x300.jpg,tomato_leaf_bacterial_spot,d9e9aa3d8e0e58d5875c4b9bb17b19327a5b004e91e20942d7a528a8c52f4eeb,,,
plantdoc_ecc70117e03256f3feb0174704ecfc2d3f6e8df8652cb32511746cc7272c1a52,plantdoc,data/processed/tomato_plantdoc/tomato_leaf_bacterial_spot/test_Bacterial_spots563.jpg,tomato_leaf_bacterial_spot,f8a309c930537862201f172a32c48db8558e0f3e119757ec85a5dc22d9e96e7f,,,
plantdoc_4b277037705ae5a8ee4e46260e53e56c4dbf805461501d5f0bdb056e8ad17e04,plantdoc,data/processed/tomato_plantdoc/tomato_leaf_bacterial_spot/test_Tom_Bact3.jpg,tomato_leaf_bacterial_spot,abe1259ccd33542f7cd9c14ecef8a995b601272c0808b52daade7f153fdc5b66,,,
plantdoc_655dded158d7d7261b8d32caa274b278414a811052df7ed195ad31f65b668faf,plantdoc,data/processed/tomato_plantdoc/tomato_leaf_bacterial_spot/test_Tom_Bact7.jpg,tomato_leaf_bacterial_spot,07d8f5a4a18746daf367d85b9254364ace2824ce5c31dfacefb0d00b89d99ac8,,,
plantdoc_599fc87a0cb029abf9cda9636e2d623bddaf4818d79adc967efb4ee1ddd2abe8,plantdoc,data/processed/tomato_plantdoc/tomato_leaf_bacterial_spot/test_Tomato%2BBacterial%2BSpot%2Bon%2BLeaves.jpg,tomato_leaf_bacterial_spot,98d1b4229761f914476b63c2b7c70a4bd5a23681bf9b4622b642c3dc09cac8ce,,,
plantdoc_7065d73d550218a8bd9896524e55cbc2821cab7da39a8b225efcb6e5c4d9500b,plantdoc,data/processed/tomato_plantdoc/tomato_leaf_bacterial_spot/test_bact-spot-fig-1.jpg,tomato_leaf_bacterial_spot,04de396dcc709310361f017f4b290e8994ba258685a0725607169e2c16bb5877,,,
plantdoc_839354835f0bd648d609dfdffb19a2c6d412480367007486c3afdbe95f91caaf,plantdoc,data/processed/tomato_plantdoc/tomato_leaf_bacterial_spot/test_tomato_V8.jpg,tomato_leaf_bacterial_spot,e23a29c94b58aac28e92f57f95eb6f53e99c874323cb2b90ebd327085721574e,,,dup_sha256_e23a29c94b58aac28e92f57f95eb6f53e99c874323cb2b90ebd327085721574e
plantdoc_6f62c0f8c7177aa48acb2177136620b70c23ac090f5f1db7fd83930660117a51,plantdoc,data/processed/tomato_plantdoc/tomato_leaf_bacterial_spot/test_tomato_bacterial-speck_01_zoom.jpg,tomato_leaf_bacterial_spot,18ce26ad83522efb7d2721582f0bd6f2a7d047f313e969442af25da038f6a2ec,,,
plantdoc_d17965b2511fbe5a8d5a922487d673043b8e8963f6be9604bcf92f5e55f8e363,plantdoc,data/processed/tomato_plantdoc/tomato_leaf_bacterial_spot/train_05-069f1.jpg,tomato_leaf_bacterial_spot,af89fc57e6dc5f105682bf3366e601e41406817bbea5afe180f3562b4aab5114,,,
plantdoc_0cab5461e7cddb8cd202894b3c4059f831b37f5c014e3d89938ad7ff2876a845,plantdoc,data/processed/tomato_plantdoc/tomato_leaf_bacterial_spot/train_05-069f12.jpg,tomato_leaf_bacterial_spot,95a9c6ab4bf076ba3f77c11e0a5b65b5cbda0924990158ddf04e995e9ad9b6f5,,,
plantdoc_d0f7425c5bbec3651c9f8e3675c9f1e207a91bad82f60ed11d56b00da4d4b133,plantdoc,data/processed/tomato_plantdoc/tomato_leaf_bacterial_spot/train_05-069f9.jpg,tomato_leaf_bacterial_spot,ef8fbeff2c3c0638d7b16a232fcb5983851b3df4ec9a44010912089fd7211316,,,
plantdoc_9725e348b5fce1b3462a604cfa7ba5f9be079dfbdbd6df8e23e36e1749a4f91f,plantdoc,data/processed/tomato_plantdoc/tomato_leaf_bacterial_spot/train_10-3-bacterial-speck-on-tomato-RON.jpg,tomato_leaf_bacterial_spot,509fcba9727f69d69bc217dbfa7e8203e67b4739b8ae836d0b1978f008d7960d,,,
plantdoc_49730deb93bc7ca7097dd61a43a8f2ce9f11b6e8c8c1801be47566c0559af1a9,plantdoc,data/processed/tomato_plantdoc/tomato_leaf_bacterial_spot/train_110608-01-8356c-lg.jpg,tomato_leaf_bacterial_spot,73715afcb46446f61d12cf201809f158c1cc62f0578cbe1ed1a1ed42bc269125,,,
plantdoc_bdd2189c1bd0188df781a915ac1db4a4ad55aa27a0d9ae8dbc073a1b7f223c1d,plantdoc,data/processed/tomato_plantdoc/tomato_leaf_bacterial_spot/train_13582051_f520.jpg,tomato_leaf_bacterial_spot,81bac0a41b4adeb1264055b30f0c3910c7e915880fac3e52b29b38ca612f8456,,,
plantdoc_75b85af187ae8bed319056838af9fae554d63543346fe1a99b6c4261dce03a45,plantdoc,data/processed/tomato_plantdoc/tomato_leaf_bacterial_spot/train_250?cb=20100819110637.jpg,tomato_leaf_bacterial_spot,2d25dc83d793494f55bd1174b7f196ea0dd8ea9a2750ff1f58ceb6ccd4ed73d8,,,
plantdoc_51c253d707a9f34c08a0ea67e757c082313695616f0de4c6f8af8b0885853269,plantdoc,data/processed/tomato_plantdoc/tomato_leaf_bacterial_spot/train_266914753eb19d87b80567baed1a0f66.jpg,tomato_leaf_bacterial_spot,430fd0b508350dcb3013fb773ea273b4efb6c1abca487a8a0686537c33be5e24,,,
plantdoc_f1c2f2b7ba160135bb25102b4d7aaf5a7ef429c92cf3f1d68478ae0e01a3432e,plantdoc,data/processed/tomato_plantdoc/tomato_leaf_bacterial_spot/train_30290.jpg,tomato_leaf_bacterial_spot,d8227ac67f714be5fe44607769df4b670dd60c3df698737b45560243c40be457,,,
plantdoc_591e5fb1fbe72e4e9b12ac2732d40b1c44e102b7da6d75d26b17ddeb93ab93e5,plantdoc,data/processed/tomato_plantdoc/tomato_leaf_bacterial_spot/train_3182.jpg,tomato_leaf_bacterial_spot,90b0a3c33a0bf595acbac5748fd97854690b27a80ac95e1bbdc95c5c8955112f,,,
plantdoc_e6414b9fb34c7ea7233383ff38f136c1e6170884bb1ce606d6d2866dd337d24b,plantdoc,data/processed/tomato_plantdoc/tomato_leaf_bacterial_spot/train_38849847120_7ae02bd6c3_b.jpg,tomato_leaf_bacterial_spot,246e987e63742f3418af56e388bdf5d2bcb0ebdf284b51aad750886714835294,,,
plantdoc_ac847c90ac0381aaa381dd7ded7f7e50c2388ffef300f1ecd2d37f49f510c672,plantdoc,data/processed/tomato_plantdoc/tomato_leaf_bacterial_spot/train_39765006175_e2f0da764d_b.jpg,tomato_leaf_bacterial_spot,6b0da82469b58b768b1a49d0bb00f710b8b90aacdafc860f3b79afa3263217e6,,,
plantdoc_e68e9110080a90cd1171893b38640cfe25f2d90f7f24e00bf34ee6620074f805,plantdoc,data/processed/tomato_plantdoc/tomato_leaf_bacterial_spot/train_3bacterial-canker1.jpg,tomato_leaf_bacterial_spot,6800aeb5aa057948a5e35a81c86797c864cb8d640efd6c53b2e80c09bd7cd755,,,
plantdoc_67a1abb553b3a22aab82be6fcd92ff29b8395d11f3c757e5202bb628858da06b,plantdoc,data/processed/tomato_plantdoc/tomato_leaf_bacterial_spot/train_4-6%20Keep%20bacterial%20diseasesMARY%20-%20D.jpg,tomato_leaf_bacterial_spot,0c8e75f2dd9733a21bfcd21d947261f8cc3b775e6840c21098c8951b4f2b0f1e,,,
plantdoc_298fb4025f24cb0f3b514b38eb7f41c3d1bcd8a5e690a9ba61d89e33db38bfe1,plantdoc,data/processed/tomato_plantdoc/tomato_leaf_bacterial_spot/train_5114949114265600-600x272.jpeg.jpg,tomato_leaf_bacterial_spot,1d5bb4242bc6a9717124e5604408b3d8bdbd76a8d4d9bcc463421a9116d447c6,,,
plantdoc_94758237c16b0703d9e0511c0880aac60a0c5cae22fba580ac8c47ddef86977f,plantdoc,data/processed/tomato_plantdoc/tomato_leaf_bacterial_spot/train_59380.jpg,tomato_leaf_bacterial_spot,39f304b8ca118c553846dcb91e5b63e472fdc91531d907199f788973e703527f,,,
plantdoc_d4206ef9a06a47ae4ceeb18118d57ed3e033d5ef2d3ca98b5f490ecb89a70b62,plantdoc,data/processed/tomato_plantdoc/tomato_leaf_bacterial_spot/train_71c944d61b08f6373a9a38d3c250cb2e.jpg,tomato_leaf_bacterial_spot,0e85c5a4ff44b49c58499db420b64865edb02dd2a9b0ed42658f836268c08a98,,,
plantdoc_138584ae33da4cf8ad08abedb055db0ff46fbdf681c352a8210667273b004e49,plantdoc,data/processed/tomato_plantdoc/tomato_leaf_bacterial_spot/train_BCH%20medium%20thumbnail%20for%20upload%20%2814%29.jpg,tomato_leaf_bacterial_spot,89dfb16890bdf8ea7730d3d1e928782389d4fb0da4a1c4da0d04126b73971aaf,,,
plantdoc_b081f1d76e96c9e3ad7bcb4994c40fbea3861140cca3b94ee6b0d972157bf942,plantdoc,data/processed/tomato_plantdoc/tomato_leaf_bacterial_spot/train_BCH%20small%20thumbnail%20for%20upload%20%2814%29.jpg,tomato_leaf_bacterial_spot,612630455bbc59fd566931f32feea6b0fc4dd6e7ae86f52155d3e46c55fc840b,,,
plantdoc_2257acd839919d7908cb24fb28fb2fff62303b7618db6c705be15c8f91beac10,plantdoc,data/processed/tomato_plantdoc/tomato_leaf_bacterial_spot/train_Bacterial+Speck+-+Tomatoes.jpg,tomato_leaf_bacterial_spot,8b3e1b52d29f9be2c3bc12faa448c74321693e51a20933a1f1fe552a97907140,,,
plantdoc_259ccf557b999323cac9ece5c0235d82d47804d5c6019efa82fd4cd3f6eaa054,plantdoc,data/processed/tomato_plantdoc/tomato_leaf_bacterial_spot/train_Bacterial+Spot+-+Tomatoes.jpg,tomato_leaf_bacterial_spot,f452e56a7e9f2c56264af79f08e03b712ea538db7e0db0a7a4a4933ade79df00,,,
plantdoc_98e067163bd32044c40c9b69f02d0c3c428502819ce120122c7fc0e85b37f081,plantdoc,data/processed/tomato_plantdoc/tomato_leaf_bacterial_spot/train_Bacterial-Leaf-Spot-2.jpg,tomato_leaf_bacterial_spot,8fd0680f224379fd2015aff82f4b3c6d50b11dbac1c584752977215d60cfa3f0,,,
plantdoc_e716f9c82eaf64fa2062b3ce784cf5f03f7262de3d596131cc28cedd0db3ffb7,plantdoc,data/processed/tomato_plantdoc/tomato_leaf_bacterial_spot/train_Bacterial-Spot-of-Tomato-Img-2.jpg,tomato_leaf_bacterial_spot,234c89af82c798886e195ede818e0c906993f4f0095fb0e4fd6c1e5665320a68,,,
plantdoc_cc9ef175acdb961c41dbeba43ed29865ecb70052f6a5241e53164b383b1fb40a,plantdoc,data/processed/tomato_plantdoc/tomato_leaf_bacterial_spot/train_Bacterial-speck-tomato-leaves.jpg,tomato_leaf_bacterial_spot,64c250e5e6b84952903fd3516519b7cefc9364fb009fdb2c38905da4fe47205c,,,
plantdoc_1e5088b4535c6515a7c1ebe80732820b2f85cce6ed60d44271a4ef3ed2215c1d,plantdoc,data/processed/tomato_plantdoc/tomato_leaf_bacterial_spot/train_Bacterial-spot-on-tomato-leaves.jpg,tomato_leaf_bacterial_spot,95a50e78f47ddbb2c69cf00b2f9637df19d90a56fa7d5790f25d0b6db20d1886,,,
plantdoc_026fcf7f4dd48a78f750dfb89b4dbf8a245163553bed0fbd6bdebd5469716316,plantdoc,data/processed/tomato_plantdoc/tomato_leaf_bacterial_spot/train_Bacterial-spot-tomato.jpg,tomato_leaf_bacterial_spot,c23fd68c480e78766dbb690c82a7f10faeca9072018caef571b32ec4df5eabc0,,,
plantdoc_0f4962e95da0cc5dd826498cb5bb46788f32235c079c13925c8c125108fd8a04,plantdoc,data/processed/tomato_plantdoc/tomato_leaf_bacterial_spot/train_BacterialSpot06.jpg,tomato_leaf_bacterial_spot,d8a745f74c62f6fd2bdd8f97c6c161626321099a50f4787f69c3e708f071642c,,,
plantdoc_ab7936c68980a70cf8fef6b6413f2bc12e2a1b9c43c4357869f3c035da48a229,plantdoc,data/processed/tomato_plantdoc/tomato_leaf_bacterial_spot/train_BacterialSpot07.jpg,tomato_leaf_bacterial_spot,63bf08288e7cc6de71242214eb5f6a85c121164e249885073bedc8727e3236f8,,,
plantdoc_8af37299bf2d6b846a75d23d0d36adb6f79977e397921d081bc15ef8be6983ab,plantdoc,data/processed/tomato_plantdoc/tomato_leaf_bacterial_spot/train_Bacterial_spots1300.jpg,tomato_leaf_bacterial_spot,143e79b428ac80688234e1a6fe330037f9a5f654a12d0ffcbd6d92af936147a3,,,
plantdoc_c66e4fa23e888c47ca3d5d3134bfae302b1f389477d34251770cda6e08f1636c,plantdoc,data/processed/tomato_plantdoc/tomato_leaf_bacterial_spot/train_Bacterial_spots2276.jpg,tomato_leaf_bacterial_spot,057c2d6ff63615ac373c811c518a8d6e795bb57cccc49b36341d26292216bdd1,,,
plantdoc_ef3252787fefd047988ac6f374076d432de9aa4744db4ca8ca5279f5c0a244c7,plantdoc,data/processed/tomato_plantdoc/tomato_leaf_bacterial_spot/train_Bacterial_spots2277.jpg,tomato_leaf_bacterial_spot,12fa5ff9867b7a9cd249a3cf577016ad0af940a294fba39200e88fe8c91e1d7d,,,
plantdoc_1c5373b868760e48099f7725677c4b31870f9e07635eda03e59c74eea7ea3535,plantdoc,data/processed/tomato_plantdoc/tomato_leaf_bacterial_spot/train_Bacterial_spots562.jpg,tomato_leaf_bacterial_spot,b5851a1c908a1cf5186cef0d943e9f4118b42ee5e0087458351b6eb1e70e969a,,,
plantdoc_7bfdb524c2448c67ac84ae1ba0d1c53e83cc8fab579ab7bcbc45e18ea06261ee,plantdoc,data/processed/tomato_plantdoc/tomato_leaf_bacterial_spot/train_Bacterial_spots586.jpg,tomato_leaf_bacterial_spot,3b3c286eb37d49560352b7f42e6eceda5ebae668732475cddf85d92e74b77248,,,
plantdoc_95dcb6510093e23b5811ed772b9342ed0649c85c92e54a9d3d45d5b0d826628e,plantdoc,data/processed/tomato_plantdoc/tomato_leaf_bacterial_spot/train_Canker-GHTom-CAG-leaf-collapse-copy-50-QUALITY-1ur7cyk.jpg,tomato_leaf_bacterial_spot,acf4c5d5333da69596a651ee5166d454da37d0dbcdfb63d8f5118c77bdfb070e,,,
plantdoc_410ebee5784b440dc3ab6cc13ba3c860c25f2d66cd971dceffd600a0bf6e79e4,plantdoc,data/processed/tomato_plantdoc/tomato_leaf_bacterial_spot/train_CankerFoliar-copy-50-QUALITY-122b09b.jpg,tomato_leaf_bacterial_spot,73c02738a87903226353dbf2b4100561260719293df92d76fcbbe2f6f43efc4c,,,
plantdoc_3ca38757db7f0cd6f2ffe50145ef5646face2679761d8d161a2a90bf0224ed7c,plantdoc,data/processed/tomato_plantdoc/tomato_leaf_bacterial_spot/train_CankerRhiemsFiring1-copy-50-QUALITY-16lcw30.jpg,tomato_leaf_bacterial_spot,f4a0d2b8c5763d4b7b8774b9566cc74ec147001f735213053e640c7b1ff55cbe,,,
plantdoc_a1f75720b0ee3c9ce3cef425cf6699f92cae073c91e513ada342ee775937000e,plantdoc,data/processed/tomato_plantdoc/tomato_leaf_bacterial_spot/train_FS547-4-big.jpg,tomato_leaf_bacterial_spot,14b74849a64e5d7ce2af4d2bdb8a8850030cd225dcd6ed4ceeba1e0353e87a6a,,,
plantdoc_ac38e7f624f36faafc97f295a41ed07ed4d67be6308eb5d02d273fad1b3b10e6,plantdoc,data/processed/tomato_plantdoc/tomato_leaf_bacterial_spot/train_Figure-1-6.jpg,tomato_leaf_bacterial_spot,e9ec09e9936efea03fabe3d5662869171cfe33b024b3e9efa2879dc6ceabc74e,,,
plantdoc_0f84bec8558b52e76fda16022d52f9e0b6fc31f707384b06a3f45d4b1636a6d8,plantdoc,data/processed/tomato_plantdoc/tomato_leaf_bacterial_spot/train_Figure-3-7.jpg,tomato_leaf_bacterial_spot,ebe90dbada6168b83e0e57b2f3b16af9ea97c3ccef2598f14642fab68cbef708,,,
plantdoc_2c5b04ab7ed2fec545511a559f3af6d1322d3775a4fd22147f3bf0acfb9460d2,plantdoc,data/processed/tomato_plantdoc/tomato_leaf_bacterial_spot/train_IMG_2348.jpg,tomato_leaf_bacterial_spot,2c1d3ba3222a923e4df7fe316da76962d9cfbb60c70047fdc53db15998a14b02,,,
plantdoc_57f6dac8b9c9cc5c10fe612afc8508df20300d51c508ebde5268649f17c9be55,plantdoc,data/processed/tomato_plantdoc/tomato_leaf_bacterial_spot/train_IN0335.jpg,tomato_leaf_bacterial_spot,8ed227e49cc2cd3c7601cbb5e1502600f25d007f4315e00ba4f20a8a2bdf5fef,,,
plantdoc_dae4c32d26f4645ca2d381500f514359f41560e1c7cfdd905bd440705d9a13b8,plantdoc,data/processed/tomato_plantdoc/tomato_leaf_bacterial_spot/train_Jeter%20Mtn%20Farm_7053.JPG.jpg,tomato_leaf_bacterial_spot,5bf7255377055db576ed51466fbf39f34274c309a1c113215ae2fc208f669960,,,
plantdoc_8b3bff4959efb65294dc807c73c75254d88d23455f03f1d798d730549b71e0a1,plantdoc,data/processed/tomato_plantdoc/tomato_leaf_bacterial_spot/train_Leaf%2Bspot%2B1000.jpg,tomato_leaf_bacterial_spot,8d9b07244b08ca32eb095d398288ea12a7c7f8b0e25e3fb3fc2cee6c8ff993d8,,,
plantdoc_e2cbf254eef5f366e495521878cd62822c50a8923bc8711d74dcb22d586567f7,plantdoc,data/processed/tomato_plantdoc/tomato_leaf_bacterial_spot/train_Leaf%2Bsymptoms%2BMDA.jpg,tomato_leaf_bacterial_spot,167b0a6a5032756b7445dd3595817fe78495e1bb7b4afec20d96997955fe1560,,,
plantdoc_af20fe576424ff2077477653801fb110c90996fd5aea9d4e05666e78dfe137df,plantdoc,data/processed/tomato_plantdoc/tomato_leaf_bacterial_spot/train_Leaf-Spot-300x253.jpg,tomato_leaf_bacterial_spot,690e2cf32cd990122c1263ef8e3d2ea2d23e874e25d5024981bac350a8215ee3,,,
plantdoc_a71073033604420bf7da2fcf4fab5b4889cbff6ae6284205562dd846a40a03b7,plantdoc,data/processed/tomato_plantdoc/tomato_leaf_bacterial_spot/train_Leaf-spots-on-tomato-leaves-Credits-Hank-Dankers_Q320.jpg,tomato_leaf_bacterial_spot,f55393b17cff9514c773890dbc6d9f4ffb1352c2387b29dfeebcaa6397e78369,,,
plantdoc_e497ad53a87f16755dd27d8e3dc3a598b616753264836f7d637a20240967af0f,plantdoc,data/processed/tomato_plantdoc/tomato_leaf_bacterial_spot/train_Leafspotx450xBugwood.jpg,tomato_leaf_bacterial_spot,cf3c1bb2ed7979b619f77bd599e89205d6f307f1cecb394b938856272378b579,,,
plantdoc_2763ce6513848efb9c39d89aac00380f29f69bf240987deb291a9a335dce1c79,plantdoc,data/processed/tomato_plantdoc/tomato_leaf_bacterial_spot/train_LyraEDISServlet.jpg,tomato_leaf_bacterial_spot,2437e7f358c2c9311dd9f7f3a79a8ba597b4e38b28f996d5eb04c499f09a0422,,,
plantdoc_8bcb0a28a46593807b6069bbadefaa54c38bf0eef0d816f23f72666bc4665bb8,plantdoc,data/processed/tomato_plantdoc/tomato_leaf_bacterial_spot/train_Paret-Fig-1-tomato-bacterial-leaf-spot.jpg,tomato_leaf_bacterial_spot,c546d8005cbe9654518adcb3509ff260a52a0711c3d503fc1fd23292b153039e,,,
plantdoc_40415596ffea9ead6c0733f2cc2ecf80b167cdaf1aae1acc60da9c3cb1f42cc8,plantdoc,data/processed/tomato_plantdoc/tomato_leaf_bacterial_spot/train_Pest2371.jpg,tomato_leaf_bacterial_spot,5ba63a06fd4ef58279505f077614bc0e5afe4a8dcc9077f849a85cbcb73d5281,,,
plantdoc_486747cc13aaa977744570247917ee7a8c24bd0cc7302cbf3f454c21cf90d318,plantdoc,data/processed/tomato_plantdoc/tomato_leaf_bacterial_spot/train_RyBx7MH.jpg,tomato_leaf_bacterial_spot,fb84453832854781de2b24f9c4ee552d95e6dfd9cb6fa5f52d4b307b7d6a4b81,,,
plantdoc_403dd9e70a760765b7d01eb478f6486ea3d38ee9c9371c3097bb0ae1d95e5086,plantdoc,data/processed/tomato_plantdoc/tomato_leaf_bacterial_spot/train_TC3.jpg,tomato_leaf_bacterial_spot,eefe80b88434d8af39f83253dfad60ebf811af6e0e8e31e8597d206ad1ce0b8b,,,
plantdoc_809bf073b182523c069f01976fa54d0a4fd1112b72fbdbfa4339208ffd3760a4,plantdoc,data/processed/tomato_plantdoc/tomato_leaf_bacterial_spot/train_TC6-300x194.jpg,tomato_leaf_bacterial_spot,eca702692f724d1edd237c76c3a5e4c5501cd11050c25b9fff6889d5e1d7105c,,,
plantdoc_65d276bde3da39ef0a2b522984b0f027189c4b483466e4bcb51136b53fdb33f1,plantdoc,data/processed/tomato_plantdoc/tomato_leaf_bacterial_spot/train_Tomato%20bacterial%20canker.JPG.jpg,tomato_leaf_bacterial_spot,c85fc518bf59ebea7be385229293f4430561df7a3991b2b146a75835cf505230,,,
plantdoc_dd4b1773531ce8d553f4e67bcb0c1f8bcf32769677f9ffbb0bf88135790f6140,plantdoc,data/processed/tomato_plantdoc/tomato_leaf_bacterial_spot/train_Tomato%20greenhouse%20phythotoxicity03F.JPG.jpg,tomato_leaf_bacterial_spot,ab09247c404a1b58018980ceb0cfd8b9431a4ab5d9b90ca95d6a6dc69167eab4,,,
plantdoc_e4ab75c91bb12ff77db886d15d7f85d79b07fe9dd921ecb649ff4b35104dba18,plantdoc,data/processed/tomato_plantdoc/tomato_leaf_bacterial_spot/train_Tomato-Canker-Marginal-Necrosis-Leaf-GH-Guat-50-QUALITY-10e6dzu.jpg,tomato_leaf_bacterial_spot,512944288e08159638d526c7a85b279c323e6c5ec637e812d5ea7017b63645d5,,,
plantdoc_ed3150d790a751ccf764e3efe04be4d64f4cc4515104b989cbc9a5a19db3801a,plantdoc,data/processed/tomato_plantdoc/tomato_leaf_bacterial_spot/train_Tomato2_original.JPG?1472597932.jpg,tomato_leaf_bacterial_spot,e2ce8eb4ef573f2b1f2fbec16267623d84081cea140f08baf1cf5ec6800e55ae,,,
plantdoc_ce7507a1b3e258b151cdef84378fc838d07463be67d57e9a999ded3deee09b9e,plantdoc,data/processed/tomato_plantdoc/tomato_leaf_bacterial_spot/train_TomatoBacterialSpot2.jpg,tomato_leaf_bacterial_spot,6049cbb5f75d6e73d0327aa9f1ab0f893e019ef3234d26402abd1b96c79b39e2,,,
plantdoc_7fd61e7167eaa728baf1088db5609fa84f4cd2ba7c16eaa661d7dedd06991f06,plantdoc,data/processed/tomato_plantdoc/tomato_leaf_bacterial_spot/train_a3fb24f84fe70e5d37352d13106531d6.jpg,tomato_leaf_bacterial_spot,d3c345a04c24286122157d15f955bf6d80fc20632d8dab71ef8b67ff9f2ae0ed,,,
plantdoc_af7a37bcd3ab7499153a85ee2d1ab400132ef304e22fec6af3d0418aa9b1a409,plantdoc,data/processed/tomato_plantdoc/tomato_leaf_bacterial_spot/train_alter_cank2-150x150.jpg,tomato_leaf_bacterial_spot,78065f098aabf74969a0f42fe5a5c0657857235f7f894cd1e6b33672e1e8809d,,,
plantdoc_8ccbad2bfd5a04c2abf65fccd1720085e60bc85950aa5531d5e253e025a9b616,plantdoc,data/processed/tomato_plantdoc/tomato_leaf_bacterial_spot/train_b-speck.jpg,tomato_leaf_bacterial_spot,8adf89d08459ca67ecb447e89058d090d7665af4c22763c65baceb687744b5cd,,,
plantdoc_4d9045b6b6453cf467ea2624bd4059e2e527614ca64b8196284eca9f0f341ee0,plantdoc,data/processed/tomato_plantdoc/tomato_leaf_bacterial_spot/train_bac-canker.jpg,tomato_leaf_bacterial_spot,bcb83e8d547c0ba6eeb62842e55a0d6fb661c8dbf0c7f1e85e56a9fd46d7d0ec,,,
plantdoc_fac2191fdaaa9657b41ab5d666331ffbe01270257d7ca58a98c1432254cf614b,plantdoc,data/processed/tomato_plantdoc/tomato_leaf_bacterial_spot/train_bac-spot.jpg,tomato_leaf_bacterial_spot,f1fe3cf118567d855966bb36c0f02bf3d2b7e51ff2e6e01a4bc95276ac280a8c,,,
plantdoc_d91d5f7a2399d348e262a78fb2d7a286ee681f119b3ad9829bb1f15a7e1f1947,plantdoc,data/processed/tomato_plantdoc/tomato_leaf_bacterial_spot/train_bac.jpg,tomato_leaf_bacterial_spot,793c8877b549c9ae1580a34f604a2d915b4f3ee7dde74d5020fca7042a35abf4,,,
plantdoc_393e9c620e89709a8a88f0446d22c436cc269d90170b41ae7ea68d3a5e141e0a,plantdoc,data/processed/tomato_plantdoc/tomato_leaf_bacterial_spot/train_bac_spot1-300x298.jpg,tomato_leaf_bacterial_spot,306dd530d66ee2c88dfd1e4dc7474d4a9fff4807e79a60107f158a11e9576b30,,,
plantdoc_ea892c6eea99caecb8412099228d0e80f6a82af9de1d7e963d4ba6e66d29da6e,plantdoc,data/processed/tomato_plantdoc/tomato_leaf_bacterial_spot/train_bac_spot_tomato_leaf_l.jpg,tomato_leaf_bacterial_spot,e3367bee19c4c90507c3f63ad8db2ac357feaf0bb502f557d3813fa029de9294,,,
plantdoc_e0264f2f1efbff9269394281e07d00e18f6f90b7807a9f15ec4cacb4adef2a95,plantdoc,data/processed/tomato_plantdoc/tomato_leaf_bacterial_spot/train_bact-spot-leaf-big.jpg,tomato_leaf_bacterial_spot,64a9974a6bb8ba89c8a76ce2edbb25f8e6d38063c75badf2706fa720a91fdec3,,,
plantdoc_b58f57cf9b66919e097ab266bcfad1c54ec0a1c6b8697c4861d1b38c6d458474,plantdoc,data/processed/tomato_plantdoc/tomato_leaf_bacterial_spot/train_bacterial%20leaf%20spot.jpg,tomato_leaf_bacterial_spot,397531c283832ddfa73d5cccfa25e8ab9b788863c6298ea9db2344953d1be0e7,,,
plantdoc_e609d33387d846f1c560514f9a1d4811cd49652705fe1b0b9f98ddbe3c18ffb9,plantdoc,data/processed/tomato_plantdoc/tomato_leaf_bacterial_spot/train_bacterial-canker3x2400-2ia1kgd.jpg,tomato_leaf_bacterial_spot,9840822e5069579f3b7a7608b69a77fdd8b477a9be85eb70524eff1ca7b191aa,,,
plantdoc_47606498f13ab526d814e60e4ed44acc108f701e5ad14eda30daeec2a7418055,plantdoc,data/processed/tomato_plantdoc/tomato_leaf_bacterial_spot/train_bacterial-canker4x640-1nz1vm7.jpg,tomato_leaf_bacterial_spot,04f466fd99811ef1e64049f95a78fb3709aeae4fe064cfc5913ab11f7666f3cc,,,
plantdoc_bb6b10ba6d7ac1f195cabac928d29fa92086016701b3eb91e8910f402a3add63,plantdoc,data/processed/tomato_plantdoc/tomato_leaf_bacterial_spot/train_bacterial-leaf-spot.jpg,tomato_leaf_bacterial_spot,425d70338728b52a54a02ac16ec7747d70e0cad0323be780b7332e076e322447,,,
plantdoc_174a97e70f1dfc5e33dd6c25c34221b515d388647b3b56725074822960b02feb,plantdoc,data/processed/tomato_plantdoc/tomato_leaf_bacterial_spot/train_bacterial-speck-tomato-2.jpg,tomato_leaf_bacterial_spot,dabcc346884a68ee6fd9b0d356e3fd83e3aba2911497292807887f44714d68f8,,,
plantdoc_9556fa23604848fa77444f4c15316708183d2389d51beed0726ad7e72f06f043,plantdoc,data/processed/tomato_plantdoc/tomato_leaf_bacterial_spot/train_bacterial-speck-tomato-3.jpg,tomato_leaf_bacterial_spot,7aac501e5b78f1a4320d95c6b23454968493302bd8a96d6013092359c497918d,,,
plantdoc_a19709715511a68b10dd19238ed6ff4a16c22c75c4c33b134e7973d8d340cb52,plantdoc,data/processed/tomato_plantdoc/tomato_leaf_bacterial_spot/train_bacterial-speck-tomato1x2400-275mmny.jpg,tomato_leaf_bacterial_spot,ac2ac4e037fa3a21ab41ca613fd1d2825eb5b0d8f1d4392be928c048a94252b6,,,
plantdoc_3f1af260813fd5c7d7f933aba673686cd64ea38f0a1ca591a0899d86399223c8,plantdoc,data/processed/tomato_plantdoc/tomato_leaf_bacterial_spot/train_bacterial-spot-of-tomato-6-638.jpg,tomato_leaf_bacterial_spot,be5cc97f01849c13e763aff16bc607407956f784369ababf23443f9f5e938d04,,,
plantdoc_6784fe1daeafceaee6c8e7e3767ac05b0fe1ae26837e9179718be2eed6f0d814,plantdoc,data/processed/tomato_plantdoc/tomato_leaf_bacterial_spot/train_bacterial-spot-of-tomato-7-638.jpg,tomato_leaf_bacterial_spot,14d3f91af6de22d0651f9b554794e279275cf0a59590e1ad8ad571b83fe9eec2,,,
plantdoc_27f6d20905f26db055688f649c752dc5c7936423eed80a6847f5ed7af4e8e24b,plantdoc,data/processed/tomato_plantdoc/tomato_leaf_bacterial_spot/train_bacterialLeafSpot04-xqxm03.jpg,tomato_leaf_bacterial_spot,e9464d8cb003c8e7d40288a343011041f6ea08292c64ed6f5cf7eb3eaaf8c21a,,,
plantdoc_5a019dbdfcf66189a46227ba5879389943e4f77082ef3afc7bc820041e8d4bfa,plantdoc,data/processed/tomato_plantdoc/tomato_leaf_bacterial_spot/train_bacterialLeafSpot07-2jqdlmz.jpg,tomato_leaf_bacterial_spot,fef2605bedb326328d6a158423fd7e951582084b99dcbccc19ce662c88eee9e8,,,
plantdoc_248c1d3abeda2ae464cae08fecf4e50303135927e9fece14da11bb9d1c902e90,plantdoc,data/processed/tomato_plantdoc/tomato_leaf_bacterial_spot/train_bacterialSpeck03510339f27656b-1scmgh1.jpg,tomato_leaf_bacterial_spot,4074e20070c01055c0cbc346ebdb21834ae5b3c556d35de34a6ada07d3db1e44,,,
plantdoc_34d15962c9f0bdbfabd6adbe3599ca153f92804d9876e400312f808eb08d0e92,plantdoc,data/processed/tomato_plantdoc/tomato_leaf_bacterial_spot/train_bacterialspottomato2.jpg,tomato_leaf_bacterial_spot,b65cd0980d34d543899aac66f53b97f7955a3910e6b36472928abe8c502d8816,,,
plantdoc_c600c43f972484759d63d82af56c5cf73c78d3b67cff54c3fdb255fecc176897,plantdoc,data/processed/tomato_plantdoc/tomato_leaf_bacterial_spot/train_bc34aec4ea7f60a64e380fda44c2f380.jpg,tomato_leaf_bacterial_spot,bcd349febf333b5364d94ebc60846f4969f8a2e8cdccfa2c139dd6873b5621a0,,,
plantdoc_651f238641557462db4fb8ea06fb652eac225b70e6eb3698592ce95488723696,plantdoc,data/processed/tomato_plantdoc/tomato_leaf_bacterial_spot/train_beg.jpg,tomato_leaf_bacterial_spot,b5f14600296519c9c5e70f06c403453015ee84eec813a78fbaa32833ce71d7ea,,,
plantdoc_d546e73545f2cffa9ff12f91086e9b824d19b81c50b527124c259c2a4505f9e9,plantdoc,data/processed/tomato_plantdoc/tomato_leaf_bacterial_spot/train_clothes014.jpg,tomato_leaf_bacterial_spot,46460cb6dfcf5d740222a6de0bffe22634579ae6e948f546a5a43500023f8942,,,
plantdoc_96a788282363113697daabe5aa3f8837d833e60b12430ee83bd320f8d8e6daf2,plantdoc,data/processed/tomato_plantdoc/tomato_leaf_bacterial_spot/train_droppedImage_3.jpg,tomato_leaf_bacterial_spot,3c9e15665975db7738686684a20015cc2bdd7dacea660e211f17f5badbcd9841,,,
plantdoc_d612b7bca7ea1f59482e5e361ea651015b3fb58cf13356fa19f243970e1d9784,plantdoc,data/processed/tomato_plantdoc/tomato_leaf_bacterial_spot/train_image3_original.JPG?1472755422.jpg,tomato_leaf_bacterial_spot,e8b2babe7522e6b57b4783f7d13bfcaac72285a5e54894e3de88bf391fe1d8af,,,
plantdoc_7d8427a8f19eadb905c4872bd69f5dd415a3e762feeffa087f1c4740aadfecd5,plantdoc,data/processed/tomato_plantdoc/tomato_leaf_bacterial_spot/train_image5_300x300%2523.JPG?1472755422.jpg,tomato_leaf_bacterial_spot,6a50d7db4690347c6ff4aab895988b40398c87190840f05645b2256a1405f0ee,,,
plantdoc_cf93315ec7b907aab6a9a4a5edee97951886b5838064fe4de3bfed5c39d32346,plantdoc,data/processed/tomato_plantdoc/tomato_leaf_bacterial_spot/train_kg32-beefsteak-tomatoes-08_lg.jpg,tomato_leaf_bacterial_spot,8c628f0704bd538ae34b45cb9fa01b797057644f30906c47f0f4ad81d0d09367,,,
plantdoc_a5fce73a385151d87e4ac935b2882c9e61b60264006b6e0cf60c1e9cb49e7169,plantdoc,data/processed/tomato_plantdoc/tomato_leaf_bacterial_spot/train_latest?cb=20100808132744.jpg,tomato_leaf_bacterial_spot,594c664a38ad8def80b045c23495b6cc8d07178c34ade276ae3f1fe9919cdb2d,,,
plantdoc_82aa28578967a27726b49505e04bb9983df4496446ad86991780ce5ae6e11bb4,plantdoc,data/processed/tomato_plantdoc/tomato_leaf_bacterial_spot/train_leaf-spot3-big.jpg,tomato_leaf_bacterial_spot,f0c1e73eb30e53a2579216e1e6fb1662d844a18eb2553a08aa642f1a39c253f7,,,
plantdoc_e7ce9828514082c20c5f3c3ad375524144ec62ef63b5adddefc9dabaaf2579e7,plantdoc,data/processed/tomato_plantdoc/tomato_leaf_bacterial_spot/train_my-plant-has-brown-spots-leaf-spot-and-canker-on-dogwood.jpg,tomato_leaf_bacterial_spot,8667b3ef472b6ea8054525579e3eba202c9535512aac120db2f0834c791ee811,,,
plantdoc_babe8ecb0a47efe5d920b22a9de191a2549dfd439fb58a3c72b554c39e8867fa,plantdoc,data/processed/tomato_plantdoc/tomato_leaf_bacterial_spot/train_patarea-bacteriana-frunzelor-pseudomonas-syringae-maculicola-31_5_2.jpg,tomato_leaf_bacterial_spot,b60d77e27972aca02347583367649b43a69bff5814e861c69a490e5e01848186,,,
plantdoc_c3c2bb393ce0bc9ada786699e51f26c85592a8f96c3d0783678a667cb10803f3,plantdoc,data/processed/tomato_plantdoc/tomato_leaf_bacterial_spot/train_pddl-highlights-fig-1-bact-spot.jpg,tomato_leaf_bacterial_spot,c0a818969d3887573fe1aba95670582c87070140f6197508cd63eec4320d1a5f,,,
plantdoc_e897acd9361db277c9f6c805ef9d70b0489529bf23f520cc1a60c3d32a617df8,plantdoc,data/processed/tomato_plantdoc/tomato_leaf_bacterial_spot/train_photo-1.jpg,tomato_leaf_bacterial_spot,6585d1ca2b10a114e94aaf91f28ae0a0adf282564133353d689f203f4133b2dd,,,
plantdoc_48f96a54a16121039fc5279fea2e2b11d913f980da460ef45a5057d67cdb4d65,plantdoc,data/processed/tomato_plantdoc/tomato_leaf_bacterial_spot/train_photo-764060.JPG.jpg,tomato_leaf_bacterial_spot,6a457c9c748f463f5de97c370e8421044552e1bc0389989fc2cb0b5f2a1be1ce,,,
plantdoc_fbb59eb57e5d7f7da16c4bd8de9fa00f0a2ca7065fbc4a19beac0f6fa38b5dd1,plantdoc,data/processed/tomato_plantdoc/tomato_leaf_bacterial_spot/train_pp1244-05.jpeg.jpg,tomato_leaf_bacterial_spot,3f167fbe44673ba9b0d9f0dbc78c43d4baf94eb25421cea18bdc41c9ee75aad2,,,
plantdoc_cf088a573970e599756cf1f9726bde4df19f066adb9e63a2e977c609206b31e8,plantdoc,data/processed/tomato_plantdoc/tomato_leaf_bacterial_spot/train_stock-photo-bacterial-spot-on-tomato-559799107.jpg,tomato_leaf_bacterial_spot,ec778407c403d080f17d610b88ad918220e73cae44acfcbb1142dd86b4628557,,,
plantdoc_bda8a760496b6aab3deeedaef2ddbf0364aa012e06acc5b6f1873fb08679c033,plantdoc,data/processed/tomato_plantdoc/tomato_leaf_bacterial_spot/train_tomato-plant-diseases-identification-leaf-spot-tomato-disease-tomato-plant-fungus-identification.jpg,tomato_leaf_bacterial_spot,788de34f140030328d73add5aeb72f3b5a06fe4ec841ac86ec1d3dd2dc362b4f,,,
plantdoc_fa8899b382a28a50ce6bb1d5b7ba36399773459eb9f3f435007a10f81644538e,plantdoc,data/processed/tomato_plantdoc/tomato_leaf_bacterial_spot/train_tomato-plant-leaves-brown-spots-tomato-leaves-older-ones-with-spots.jpg,tomato_leaf_bacterial_spot,e0feac443a0865fae782f1070f3e38f3bf71c567dc4d0e667540932d1f69677a,,,
plantdoc_3b02f47a7bbdabe9055f9796c26d1c28bb5207dbce892349007e74b9ae06a01f,plantdoc,data/processed/tomato_plantdoc/tomato_leaf_bacterial_spot/train_tomato1A.jpg,tomato_leaf_bacterial_spot,f6558695a8d2a080939612d111ecf67aca31cffc0ef1ee51def961eb37eded0f,,,
plantdoc_147ec035ef5a85765ad8673e3baf13d1fd580814491b1a015d126fa967c3fbcb,plantdoc,data/processed/tomato_plantdoc/tomato_leaf_bacterial_spot/train_tomato_bacterial-speck_03_zoom.jpg,tomato_leaf_bacterial_spot,9a4cfd952fd375ca3a5f905e054ff7bc0da2cd8717b960843764ba3aa14e15f4,,,
plantdoc_7d06374ae48483eef66f14126b125381f08ccbdd8e6692d46fac990239e69a83,plantdoc,data/processed/tomato_plantdoc/tomato_leaf_bacterial_spot/train_tomato_xanthomonas_foliage.jpg,tomato_leaf_bacterial_spot,1876c37fabde3924487b10fb71fa9e1749846296346e9755af18c756dd7b18ba,,,
plantdoc_1f9275c1826dccb848500b5a6d3ac48a1db104be02696c76a24e51fe8cc734d4,plantdoc,data/processed/tomato_plantdoc/tomato_leaf_early_blight/test_039b47d574bc4bb8a14259a1cd96a741.jpg,tomato_leaf_early_blight,7d9c5c6947554d5fc6e98df5fbc1beb6363255128bd56446960e29a73242c02e,,,
plantdoc_65803987657c7e84150ccd85f4afb68657280e49d4fcbf46a15a4816e0cef514,plantdoc,data/processed/tomato_plantdoc/tomato_leaf_early_blight/test_100983448.jpg,tomato_leaf_early_blight,98d52f733e1e23c5f5059f3ce57c762a1e0fc26028abf8750105d0250c29f670,,,
plantdoc_d5e7849403547d9e245a502771c3f992780ab77bb89af940deb1a01d94e17acf,plantdoc,data/processed/tomato_plantdoc/tomato_leaf_early_blight/test_1234080-Early-Blight.jpg,tomato_leaf_early_blight,236d96cdae7b29039c3d93147f447394c78a077fec42ce5aadbd0506a0aca0cb,,,
plantdoc_1c42141ca5a0950ceb58a7ed5ce7d0421caf48da6df1f7ce59695766bb71940d,plantdoc,data/processed/tomato_plantdoc/tomato_leaf_early_blight/test_Shoemaker_7068.JPG.jpg,tomato_leaf_early_blight,7885910ac8d584a706d6448390c24f77e4e36ada4a75ae58b354a5642d0448b4,,,
plantdoc_d0ee5f78419e210b0cd25f191095de1245922954d711243b095699434e403bee,plantdoc,data/processed/tomato_plantdoc/tomato_leaf_early_blight/test_bugs-and-blight-061.jpg,tomato_leaf_early_blight,55570c32bf51ea713ee2dc293078ce3008986ad281a8cce626fbb264e0b44679,,,
plantdoc_63a78cc65e6c8c69eac8d7ea571dc6cd5fe24a42ae9f4d6ed47596cd13a0f046,plantdoc,data/processed/tomato_plantdoc/tomato_leaf_early_blight/test_dscn3175.jpg,tomato_leaf_early_blight,375244fd47978c73c1c7da2afb50df359e8b496cb20500f09ed02fa984e3ad62,,,
plantdoc_bc6d194a089e712c59649dd3ff29097fb0a36171ea2b80cd1af8819cf7dfdb7d,plantdoc,data/processed/tomato_plantdoc/tomato_leaf_early_blight/test_early_blight1-150x150.jpg,tomato_leaf_early_blight,9650bd867d436b35710a6c8e5142baf3744910eee250372efe547f23d514980a,,,
plantdoc_24d6d7b813c299f1f386d1573be2513563ac2d9e6af1e2d90cc6736d0d955199,plantdoc,data/processed/tomato_plantdoc/tomato_leaf_early_blight/test_earlyblight21_.jpg,tomato_leaf_early_blight,33051105a7999fd6346911a9de67485f5678af4af738076308b1edafada1bfe7,,,
plantdoc_70e8f7da8bb5cd4cb6f5c557e4e6d22ea87b6b84aa2db161dba5da8dcc2f77ee,plantdoc,data/processed/tomato_plantdoc/tomato_leaf_early_blight/test_tomato_early-blight_01_zoom.jpg,tomato_leaf_early_blight,7571d72639461cc8de512dd2087c63cc1877322ae1954f7b4521756789c362c9,,,
plantdoc_56ad9e96c66d07827649357591c9ae7e68f2946252d2b76bb78e0a14b345235e,plantdoc,data/processed/tomato_plantdoc/tomato_leaf_early_blight/train_100_46341.jpg,tomato_leaf_early_blight,a873676f4c845584dce10f5fb173c5ebbf2c6eee203b323c23c4768b63c83919,,,
plantdoc_4eb7d5bf9c91e69d2ae94276cfd556203352504ac83027ff9d2731a86cc2ee9a,plantdoc,data/processed/tomato_plantdoc/tomato_leaf_early_blight/train_1058_0.jpeg?itok=OQkdtxgv.jpg,tomato_leaf_early_blight,76768246f4d25f6a8acb5ca05f3c5e2f0bfe4804f8ec61ab7d5948d2e4419ab9,,,
plantdoc_7163346d01d1fe2ece5f9f34cebabae09edc1c83be1b2fbc1144cb11b32c1537,plantdoc,data/processed/tomato_plantdoc/tomato_leaf_early_blight/train_126689-004-D622CD2F.jpg,tomato_leaf_early_blight,451d83c709fcbab2f641e27b6cd6315d9bb869cf94210cfcd4e085f5ec399c88,,,
plantdoc_b04c63ec2569a74c1d65383cd59b6315e9a6d16043abb295d5d2a675a70a510c,plantdoc,data/processed/tomato_plantdoc/tomato_leaf_early_blight/train_12July_mwnews_3-C.jpg,tomato_leaf_early_blight,9d371a6c63fb291698ee47aa1c65fb0d2abb751b44df44db1c7570bc3f7a1f05,,,
plantdoc_789670b4fda4414002da7d9b7523be1bb84810cf5e8c5d18c17460fbf030e4a4,plantdoc,data/processed/tomato_plantdoc/tomato_leaf_early_blight/train_1576389-early%20blight%20symptoms.jpg,tomato_leaf_early_blight,3ac5eeec11f5f30eac6be32cad0a832ac56f2b47ed07fc2735e54bd3b872fd33,,,
plantdoc_27a9449927ab34debf50ce96b25535c32ac60acbbf6c7b0efc124e783aa94125,plantdoc,data/processed/tomato_plantdoc/tomato_leaf_early_blight/train_20020531-early%20blight%20%20starts%20on%20lower%20leaves.jpg,tomato_leaf_early_blight,93ab9e69d6fc9f1e56196623dcc56f9d7a96fa33837ad69b72e7d6064c859b53,,,
plantdoc_304022f1b9681905b9e593dce219815484f3ff11eba4f0bd89a3acc29c7b2050,plantdoc,data/processed/tomato_plantdoc/tomato_leaf_early_blight/train_20080526-_DSC4211.jpg,tomato_leaf_early_blight,3152eb37a0a7f6e9b89d75f8bcef5d1dfe8306631fa4080a00fb0a0cd3ad05da,,,
plantdoc_b837d152bcef568d39422f5bd7ac3d834bb9f0b5992b816dcaca0504861c178b,plantdoc,data/processed/tomato_plantdoc/tomato_leaf_early_blight/train_2373320.jpg,tomato_leaf_early_blight,b54f3a6a6ce36dfc6fb2d8530c7c7a754bb61226482733cd04248e3753db6762,,,
plantdoc_3cdec10eb06deeefee6508ca0289daeeac7e70779c28bdf342c6da50351bdb4e,plantdoc,data/processed/tomato_plantdoc/tomato_leaf_early_blight/train_30053_original.jpg,tomato_leaf_early_blight,a168b286abf0da7a41ee9a997bc1ae4f03e07b4dec1f2d15b720488641629064,,,
plantdoc_3ae8ad0b53cd75f725250604a8e066a53b5f74013e1564b06de66cb2f85e584d,plantdoc,data/processed/tomato_plantdoc/tomato_leaf_early_blight/train_3606630.jpg,tomato_leaf_early_blight,01cd050387f24fcbedb590c2b2ec5b2e959a9677b0b90036adc87e95d7b9fbd1,,,
plantdoc_a8aaf81942353a9db725e099fdcfd73c6500b49b4a22f75e13fbfc14b2ba83d2,plantdoc,data/processed/tomato_plantdoc/tomato_leaf_early_blight/train_5086-early.jpg,tomato_leaf_early_blight,e53dafded16607655d8de9a1f8e9938209784e5893a9b2bd8a28572525d5aea5,,,
plantdoc_0cf84894e46d3428e5fdf9666c95d41ec8a08f421e6c6baf345afd37979f1711,plantdoc,data/processed/tomato_plantdoc/tomato_leaf_early_blight/train_8%20mistakes%204.jpg,tomato_leaf_early_blight,45dab4e9080842d38f03634bd6fc2c5eb0cb43a1fe59d3e2823ecebd38f13a98,,,
plantdoc_45da036275f972b6a1e31ab4777c5812341d5f12e6a51ccb3f5afd0e90b6ce26,plantdoc,data/processed/tomato_plantdoc/tomato_leaf_early_blight/train_8950022d45978228d5e44a35183efdb9--tomatoes-dyi.jpg,tomato_leaf_early_blight,edd0af091234d6a6c73df4c15edf5c2ac71b756e4594557707addc5e20736640,,,
plantdoc_434d6eb184e4e45eb47f56940a9b27ed0d66de481210f74832fd2c1a776e4ef3,plantdoc,data/processed/tomato_plantdoc/tomato_leaf_early_blight/train_BCH%20medium%20thumbnail%20for%20upload%20%2836%29.jpg,tomato_leaf_early_blight,be84048ef0f394ed981c12d457700d1c24edc3b210fa3d0c8ebd1deb73f7fb3b,,,
plantdoc_8f5dcd412dbc173474044877b6043273a4b57a51aac3dafff7548b6a0a8aaf81,plantdoc,data/processed/tomato_plantdoc/tomato_leaf_early_blight/train_Diseased-Tomato-Plant.jpg,tomato_leaf_early_blight,207e6d9c3b2fb702ac22d551d7add6f5df1dc20921f66ebbb25250d211e5aa4a,,,
plantdoc_d4f4d251ada245aba7f735285a5bc422a0d0766cf8fdf73d34109e1dcbb68c17,plantdoc,data/processed/tomato_plantdoc/tomato_leaf_early_blight/train_EBTomato.jpg,tomato_leaf_early_blight,9145ae957dc02636c9cae1d25e9b43fdc0ee330eb7131b12e244457d684ba326,,,
plantdoc_d7b332ebbbf39179664ae663dc19f72a05bba4aa8cce688ebcef1ecc1f085c1c,plantdoc,data/processed/tomato_plantdoc/tomato_leaf_early_blight/train_Early+Blight+-+Tomatoes.jpg,tomato_leaf_early_blight,8ec0ab005a98df520cd8cb9959d95c851e9ca3d0d7f7075dac168f035bbf2800,,,
plantdoc_5b2a870db90fc42ca14b7e501fe0c9332279811fcfa8c1a56c886cbe0555a7d9,plantdoc,data/processed/tomato_plantdoc/tomato_leaf_early_blight/train_Early-bligh_t.jpg,tomato_leaf_early_blight,3445460118b42927cd77ca03b2c35f78173f48117d5aaccfa63b00324d8a2f19,,,
plantdoc_ab75de3f0729cb8389743255a426b96617b6dc094930b4695ed651d91fe79dcb,plantdoc,data/processed/tomato_plantdoc/tomato_leaf_early_blight/train_Early-blight-660x440.jpg,tomato_leaf_early_blight,6ae670ce5fcc26e159e08bca37c94426614d50c836b337e8bc645cd52579fde2,,,
plantdoc_cd6e4e1e387750ce632a4ac4d7ae226544b724559a4eb72033d1affde06231aa,plantdoc,data/processed/tomato_plantdoc/tomato_leaf_early_blight/train_Early-blight.jpg,tomato_leaf_early_blight,55c2e84169c7e645d9c23583e6ad8eaf19e930ee99b33b38a8c4c60e639e0099,,,
plantdoc_f4f7c105c1e6b86c8c07c9fcd258b7c1651332d8df82475d60ea027e14beef3c,plantdoc,data/processed/tomato_plantdoc/tomato_leaf_early_blight/train_Early_Blight_of_Tomato1687.jpg,tomato_leaf_early_blight,12ce0c3a8c2a2004e28e6927eddfa5199c1e7b5e1bc3f2cf6f1d9eb43824f620,,,
plantdoc_be77518b25e969a608cc5ba4126df7a40a90efb3d206582ea9b3a43e12629088,plantdoc,data/processed/tomato_plantdoc/tomato_leaf_early_blight/train_Early_blight_1.jpg?1376579808.jpg,tomato_leaf_early_blight,c1f5d68c2bc5aaf510a4bec559182542013b7ca1acc253dd5881a2fd5c1db1d0,,,
plantdoc_f229962ed5a6a6724bc40b3721e68d1410ddcd94e97a26d53719c8866f4f0c3c,plantdoc,data/processed/tomato_plantdoc/tomato_leaf_early_blight/train_FS547-2-big.jpg,tomato_leaf_early_blight,842ea84ed99308608449bbae66957a7115a30988be1518afe4c253f2897913ac,,,
plantdoc_048818861b578f7b6290443d027837490b233c7bdd45e0fa5b223db947abf642,plantdoc,data/processed/tomato_plantdoc/tomato_leaf_early_blight/train_IMG_0591.jpg,tomato_leaf_early_blight,70b3e43a7e28d4d4aa09d07b37f0be1682a77ae0e84071fb74835e3e3db3c967,,,
plantdoc_76405c8275b788c39ee0b503d46ec07263c2082f42e447ae8b0b9c4bd8bbd778,plantdoc,data/processed/tomato_plantdoc/tomato_leaf_early_blight/train_IMG_2436w.jpg,tomato_leaf_early_blight,e6893f4af1ef2017d83bb63b027397b20d3d519592db2a46777b09d942786275,,,
plantdoc_545bf52df178d4970ca9ce05fe99f544b798b6e4b6bfbe7077711795a59e2d2d,plantdoc,data/processed/tomato_plantdoc/tomato_leaf_early_blight/train_MPC105550.jpg.rendition.largest.ss.jpg,tomato_leaf_early_blight,c280edc30e7bd848018d847e8d4111913799cf3042ce7e33de99c78cff5879f2,,,
plantdoc_c5b230690d794eb06c3716352b98e1a4e26c16156047e8d906ef79727635fbea,plantdoc,data/processed/tomato_plantdoc/tomato_leaf_early_blight/train_Original_e-blight.JPG.rend.hgtvcom.966.725.jpeg.jpg,tomato_leaf_early_blight,6b1819bc9dee9e1436e94b6a431183cca88a28744a2bfa25aa1d986039c29fa1,,,
plantdoc_c8faeb7feb58c17802c7a7e25d6761b35e5e4cdaf8839e7cbb9598b0e7472d28,plantdoc,data/processed/tomato_plantdoc/tomato_leaf_early_blight/train_Tomato%20early%20blight%20target%20like%20leaf%20spot.jpg,tomato_leaf_early_blight,2bbd412c3becf1c8b468630f6536855ee9e39705be3905a9d62db51f32595ed0,,,
plantdoc_4fb2aa6d67b85ba47e660291de0311ad12a8061f43b48eaf4ebdcb137111cc49,plantdoc,data/processed/tomato_plantdoc/tomato_leaf_early_blight/train_Tomato-Alternaria-Early-Blight.jpg,tomato_leaf_early_blight,65a9d96aa54416a84aef29d40e6b1904d6296f27c39685dbd510223df828ff52,,,
plantdoc_3fb17e9f14e60d3f58fcc206d460889f13456b49594a0c5384606711d5c82bb7,plantdoc,data/processed/tomato_plantdoc/tomato_leaf_early_blight/train_Tomato-Early-Blight-Leaf-Examples-Cornell-University.jpg,tomato_leaf_early_blight,7d0a6ab650c699b2b91d062b22d66957c249c86361fe9e90efbda06eff3c61fe,,,
plantdoc_aed117b3aa1b6d12eced2ba5a984910f300f0ff13af1e05caf30605ecda0c3b7,plantdoc,data/processed/tomato_plantdoc/tomato_leaf_early_blight/train_Tomato-Early-Blight-Leaves-Cornell-University.jpg,tomato_leaf_early_blight,a35b35f65bb3dbec1983a7be92c05ca51eec0ffa5e5bd46d542cb90565a4402d,,,
plantdoc_bf8823961e0175fd47c57bcf3f6d3b6cb48472132cc4b462ae79bb404f8fb101,plantdoc,data/processed/tomato_plantdoc/tomato_leaf_early_blight/train_Tomato-Early-Blight-e1513806873934.jpg,tomato_leaf_early_blight,d57335974304fa7882aecbab9e5383aa4f3ac3fbf2b04ad494d0eff8035f59ab,,,
plantdoc_a1b319412924f6a9b82e8944ff505b91f4378760b00b103975c3fa837ef6043a,plantdoc,data/processed/tomato_plantdoc/tomato_leaf_early_blight/train_Tomato-Early-Blight.jpg,tomato_leaf_early_blight,83b860dc08a903eff86762037ba6c423b23636468cdeb7d7dff8563ef20290d6,,,
plantdoc_e8d28fb0153fa093d9e4b52064c46c85ec307bc76a4279de0e0354bf6bb80c8d,plantdoc,data/processed/tomato_plantdoc/tomato_leaf_early_blight/train_Tomato-blight-large.jpg,tomato_leaf_early_blight,7505693ef3824fdce797b20937e8861f0bf5462273d6a4b9b05c4782f2cd136d,,,
plantdoc_ff93baee4a8fc3c0ae55d82eeaa2c5e7b51eb18d5b8ca9b8ee993310c53d4fdd,plantdoc,data/processed/tomato_plantdoc/tomato_leaf_early_blight/train_Tomato-diseases-prevention-treatment.-Early-blight..jpg,tomato_leaf_early_blight,ac23b8c1a19766e3c126cfe1d0e3f8b4ef4632c653a6f21414da441564ebf6d3,,,
plantdoc_1ce30d5d9471e40d921050eced99dc558017dcf8a2b3a951b899c43bcc391f0c,plantdoc,data/processed/tomato_plantdoc/tomato_leaf_early_blight/train_Tomato-early-blight_1_1-12wmver.jpg,tomato_leaf_early_blight,d9184e763d4bab679a6227ddbacc931f2b869df0c0c1d7a4fd57b54c33951004,,,
plantdoc_f7186338d0ef62da4e7c54d27c6b9d118fa74d0a871c8d63b73a0507d3ed1be0,plantdoc,data/processed/tomato_plantdoc/tomato_leaf_early_blight/train_august-11-early-leaf-blight-single-leaf.jpg,tomato_leaf_early_blight,132b165fcb49e37cee77a1b35c28192c55011f441f2c484dc840a8f3998aa24e,,,
plantdoc_1099e4cb02bc867c5fae9fc8e25b93f09280a81acebaa08b13a80b2234a615f6,plantdoc,data/processed/tomato_plantdoc/tomato_leaf_early_blight/train_b54d0e40027ff5e90e8ba7e1e9abf9bd--garden-guide-garden-ideas.jpg,tomato_leaf_early_blight,6fa67a7e5771f317ad1e389f885e2b6ffc751f93f3d4b9605966905eb0e570a9,,,
plantdoc_0c2d1da4a2ceeea9ff3fcef0dae4089c93e182de5912d91314449a8b0895ecce,plantdoc,data/processed/tomato_plantdoc/tomato_leaf_early_blight/train_blog_early_blight_628.jpg,tomato_leaf_early_blight,ad58b81b4efb75dab014cfd52f1a36f5a6aa5cccb2459f4a08fed3478bf0017b,,,
plantdoc_78e2352cf74ba143133112bd50b35d4849f6c9cae2b7603b29c0940585dcab2a,plantdoc,data/processed/tomato_plantdoc/tomato_leaf_early_blight/train_confused-bacterial-canker-early-blight-zoom.JPG.jpg,tomato_leaf_early_blight,23ed3c9f53f619a48c313ff93e456fe24bac94c5f64f62a5df0747e244f9acfc,,,
plantdoc_61f73a83ea3ff3b3d2269deefff135779e92861734cdfb3fef5563e11410db46,plantdoc,data/processed/tomato_plantdoc/tomato_leaf_early_blight/train_droppedImage_3-1.jpg,tomato_leaf_early_blight,ee8fd5aff128b5c1b2e609ba97c4cc71c50d5fe3199e346dadd9feca74c32ed0,,,
plantdoc_7f1c3f4ead66df1699e8760f6ff618dc44337e579ecda16a102181ad2d34ee4c,plantdoc,data/processed/tomato_plantdoc/tomato_leaf_early_blight/train_dscn3168.jpg,tomato_leaf_early_blight,9d4d6efbace12e51b26f7484aea0f59fbcb3efac75aa41a3fec6c24b040e85e4,,,
plantdoc_6c8b4a5ed90425f64b15d8ec1ccc30f5d1e3261ebb4d783f26331ca715a86509,plantdoc,data/processed/tomato_plantdoc/tomato_leaf_early_blight/train_ealryblight.jpg,tomato_leaf_early_blight,1989e34c3dd3cdf8d2867d6f2e8cfd0f8f45ab096264856776b049b243489396,,,
plantdoc_83ac73a223fd86fb8ae230f4af5d71cfd472fdf10476732666d4751f74dd011d,plantdoc,data/processed/tomato_plantdoc/tomato_leaf_early_blight/train_early%20blight%20%283%29.jpg?itok=UMYWI0xr.jpg,tomato_leaf_early_blight,64f828f8665c1884762025bba8feeaa41ef5c87651ace0cdb821e7f1981419cd,,,
plantdoc_fb3dca4921dd878348d563ed13dc6c81e68b5fad77e11dfa9cd3989f79b56e1b,plantdoc,data/processed/tomato_plantdoc/tomato_leaf_early_blight/train_early%20blight%20%284%29.jpg?itok=gfK5C193.jpg,tomato_leaf_early_blight,b7ac78d7589165e470a569e7a383325e5d8f204c50d615382dc180663ddebbdb,,,
plantdoc_54fcfb52d027e8cbc0554bc59c236f9bcc943b090e1d7d98a089e6248eb35202,plantdoc,data/processed/tomato_plantdoc/tomato_leaf_early_blight/train_early-blight-2x.jpg,tomato_leaf_early_blight,6c18b60079c57eaa5e1feddb4a11a1c7d9487ba083d81eaa66232f3b62c79d8c,,,
plantdoc_3b107fea5848a3e5d99019d23115eb6ed53019d7d39b0a7ac9ba46cb8c39c493,plantdoc,data/processed/tomato_plantdoc/tomato_leaf_early_blight/train_early-blight-closeup-sm.jpg,tomato_leaf_early_blight,ab6642a5059e272e37d829d1e651b92d3b0af1322d4de601eb5a242267232d70,,,
plantdoc_747cb1e4bcaf1594c41934244db7e34b808cf64bd19f1eb7c4443c3f7c63f201,plantdoc,data/processed/tomato_plantdoc/tomato_leaf_early_blight/train_early-blight-in-high-tunnel-tomatoes-19tm74h.jpg,tomato_leaf_early_blight,912ce20afc0cc92d8a3a49bd4f708c5f6c49df69788aad15938b388c5d949d23,,,
plantdoc_ad03cf9d898d902551565bfefd739c17cd9166fd86be13a0162f32af08a9dd14,plantdoc,data/processed/tomato_plantdoc/tomato_leaf_early_blight/train_early-blight-in-tomatoes.jpg,tomato_leaf_early_blight,55fdd8fd51fe951d7feb95e7d24f21003cba193ee8b6235047bcb241a70296ee,,,
plantdoc_de2433d536ceeeab55446cbe895b7535923ef36190e55635adbcf5c748034567,plantdoc,data/processed/tomato_plantdoc/tomato_leaf_early_blight/train_early-blight-of-tomato-tomato-1.jpg,tomato_leaf_early_blight,cfb56ff1c8a42b9444f41b4e5715387bbd669aed97af5bbd78732bf3640f68f2,,,
plantdoc_af70a7c57b4ac4757b3603ed3bebb350ee86c7dfa2f3b7a24153c16cbcc33844,plantdoc,data/processed/tomato_plantdoc/tomato_leaf_early_blight/train_early-blight-or-target-spot-alternaria-solani-lesions-on-a-tomato-BH3TH0.jpg,tomato_leaf_early_blight,cc438f6eb618d7470cd622e40b6dd423e5242165c1ea0e130a04f15ed18347d3,,,
plantdoc_a8ff10efe4d10c68cf40e292246faf2210f1656c3237f984606b9e5aacf87e1f,plantdoc,data/processed/tomato_plantdoc/tomato_leaf_early_blight/train_early-blight-or-target-spot-alternaria-solani-lesions-on-a-tomato-BY9J8R.jpg,tomato_leaf_early_blight,283b4d969c7c2d557e61b7e865eaae86083e9e1dee0282585b4472b7b8829c1c,,,
plantdoc_03fee6de587bcae0346b5d28e23dbacaba4477c93d1dbb356539ed4955c195e8,plantdoc,data/processed/tomato_plantdoc/tomato_leaf_early_blight/train_early-blight-pp-labeled_orig.jpg,tomato_leaf_early_blight,fd239bf6835b671660a8f6c01f19e977348f741ec605be9ed2ad5d08340729fe,,,
plantdoc_ff2ae02c99bdccedaee80be8ce0064a460c7454ae106c8c3dc2ce5277134d7f9,plantdoc,data/processed/tomato_plantdoc/tomato_leaf_early_blight/train_early-blight1.jpg,tomato_leaf_early_blight,782699cc0102a7968cb21108a8b7e53cb3de98aabfdc522c110ff9711d32a61b,,,
plantdoc_baea155383df6bf8b5a248df8ba5ac8af417a503adf7815801ecec826a581871,plantdoc,data/processed/tomato_plantdoc/tomato_leaf_early_blight/train_early-tomato-blight.jpg,tomato_leaf_early_blight,4b602165b3be41fa2a30ed47b89ba746f1f56f11093128c615623247d7f60d81,,,
plantdoc_25b7a3b75f31bb20051e1f74ff1ea9063b418efb7df3c2559c8e039adca8b531,plantdoc,data/processed/tomato_plantdoc/tomato_leaf_early_blight/train_early_blight_spots_l.jpg,tomato_leaf_early_blight,f9c1209dd47829d787c6562fb2bd0e184efd64e35891fed993c351ce56dc6dd5,,,
plantdoc_e31580ceb76c705e543ed95c53b74d5e8dbe2a262cc6680667d12b07d328a0dc,plantdoc,data/processed/tomato_plantdoc/tomato_leaf_early_blight/train_early_blight_tomato.jpg,tomato_leaf_early_blight,17419a4b47683575f01f06bc0e875bdd062ee735a3ed85230eec0b681eaae639,,,
plantdoc_84773ab3e25b7e3ff234e765029ef68a2098815d82efa236c9754112854a7f20,plantdoc,data/processed/tomato_plantdoc/tomato_leaf_early_blight/train_earlyblight.jpg,tomato_leaf_early_blight,39e0c2d68640416904d05c046689e81c8658e482b5fe9cd55f53e9f1bc51269a,,,
plantdoc_246d59e901834e0e8c4c11cf3260fd03e1a71988fb0f85f5cd4d6a91410ff81d,plantdoc,data/processed/tomato_plantdoc/tomato_leaf_early_blight/train_earlyblightpotato.jpg,tomato_leaf_early_blight,d0c8a4d48ed9a3f9435d1affb82ac10e9a06adb0f2615ff62e83e21bdfa281fc,,,
plantdoc_49b94ce07bb579eb485d2447148a9865aa4cab967acd053e84f3f61014a4f680,plantdoc,data/processed/tomato_plantdoc/tomato_leaf_early_blight/train_earlyblightresize.jpg,tomato_leaf_early_blight,4c3dc3081f8fb2b15d15c0ebc574e351c0f6463d5e86a77deb98bb70cd6097ee,,,
plantdoc_c044e1b81fd7a05fb3c891a0bc4a18feac592e69ce4660ffcb14b6f67ac964c8,plantdoc,data/processed/tomato_plantdoc/tomato_leaf_early_blight/train_earlyblighttomato.jpg,tomato_leaf_early_blight,78ad69752fa5b5f012d0d1af5afe205deabc3d28d480f381dc08a854e89af059,,,
plantdoc_4ddffdf453e5da434207c4d9f6166c7dba855099f93d57ce3c2c70f44321b068,plantdoc,data/processed/tomato_plantdoc/tomato_leaf_early_blight/train_ebleafb.jpg,tomato_leaf_early_blight,3ca87b4295d2a7e082c988deb76e33b2a6f88c7f5e28c7810b39ef940b4ba3c5,,,
plantdoc_4da611ca420b9fddb5f50327281a4480c92d5cfc9bc0f0a6682882342b5bc38f,plantdoc,data/processed/tomato_plantdoc/tomato_leaf_early_blight/train_eblight5.jpg,tomato_leaf_early_blight,f77bc6d3e2386c79fad89927193f46133253ad6472295ace1b994fc6e97c51bb,,,
plantdoc_67129f19cfb01d3a342a81de9c64d54324de51e093c26e6c59bdadc70183e76b,plantdoc,data/processed/tomato_plantdoc/tomato_leaf_early_blight/train_gn201410308259997ar-jpg.jpg,tomato_leaf_early_blight,b5e3b14290f95abf17305d6555fe1412b1f59b0331094d6da7e1a304d0e8cf65,,,
plantdoc_a8863eb8b64bd3270d9f82b9422dd4e5af0326131b918d14eb85cf3682e58932,plantdoc,data/processed/tomato_plantdoc/tomato_leaf_early_blight/train_halleck_tomato_earlyblight__inline-half.jpg,tomato_leaf_early_blight,dab4afc0ccde1fbb391f8c0e6f3da190ea3565eb66457ea7e2355f712c443e0e,,,
plantdoc_910eb1022e08ecc660533d46bdcc046d31fa7be87a28478f470270103d164f9c,plantdoc,data/processed/tomato_plantdoc/tomato_leaf_early_blight/train_p1020083cs.jpg,tomato_leaf_early_blight,a218e87485e3460381942c140ec90e1015e08885f990d9271606b9a33b4c8d09,,,
plantdoc_29c60eff98267dd832fdcf77298dfceb6998bc9ffd8225d818cc314bc8625a59,plantdoc,data/processed/tomato_plantdoc/tomato_leaf_early_blight/train_p1020084s.jpg,tomato_leaf_early_blight,7a4acf69b4c2e40021ae5c225a9e82b7a4d0a19977401033cff9c57771d3b439,,,
plantdoc_cb6cdc43eee98308303d34e27e4c5fe304a49fdbaeca05e5d96a1582d474d0e5,plantdoc,data/processed/tomato_plantdoc/tomato_leaf_early_blight/train_spotonleaf1.jpg,tomato_leaf_early_blight,17af9b933a654e3c28adc7846816eac9a876183638fba8a86f339bfef2505f42,,,
plantdoc_f7188dfd39435c24f92a33a29308075603c9fbd59d40b1370944d3ec6a038959,plantdoc,data/processed/tomato_plantdoc/tomato_leaf_early_blight/train_tomato-blight-phytophthora-infestans-early-stages-on-tomato-plant-b5n952.jpg,tomato_leaf_early_blight,c693d01fd09c567b0dcd5697213681e0da16674d235733ef5e9801e4627fc8ff,,,
plantdoc_8dc6f29cadd249ad28999f713f5f91ea8bf5b62a0f74e549920515625fa52bc2,plantdoc,data/processed/tomato_plantdoc/tomato_leaf_early_blight/train_tomato-blight-soil-treatment-early-tomato-blight-in-a-microcosm-lower-leaves-curl-up-and-die-bulls-eye-lesions-tomato-fungus-soil-treatment.jpg,tomato_leaf_early_blight,762de2450aca6ac346d242404351d7c30f8e7e1be9574c09cd83e1323cf2665d,,,
plantdoc_60da7e44a14261676cfe9aa9e2211717f6c741d71a04d39090fbf4e884aedca3,plantdoc,data/processed/tomato_plantdoc/tomato_leaf_early_blight/train_tomato-early-blight-1.jpg,tomato_leaf_early_blight,00267e1c492f34fbac534cd9994b7b1f039e8ef03d733ca4fcd429e5d4bfe105,,,
plantdoc_09555b88a8ec706098be8ddaaf43924816862d1bbd97d91f022d7c1056a2e124,plantdoc,data/processed/tomato_plantdoc/tomato_leaf_early_blight/train_tomato_D2b-Early-blight---RPitblado_zoom.jpg,tomato_leaf_early_blight,981da629d2a419a303eea0e707d0a07f86fc6ce9d802bdc77e1c3efb25ff2ee8,,,
plantdoc_6bef975a6c057760384698ec29b402bb0a5ca5c450e5facfcf63abee29f9d2c6,plantdoc,data/processed/tomato_plantdoc/tomato_leaf_early_blight/train_tomato_blight_early.jpg,tomato_leaf_early_blight,5bc940babd0563aa3b07315884dcfed3aeba47e32c742cd633fb6b35be14eff6,,,
plantdoc_61234097e55cbc84c39116ce7f197d4a72fdb4bc859efda20296bba9ce642b79,plantdoc,data/processed/tomato_plantdoc/tomato_leaf_early_blight/train_tomato_early-blight_02_zoom.jpg,tomato_leaf_early_blight,8d9382d0a81d0b6a2d7bab2426dbb801d491bc9f8b9c1a56ab9630e4ea79440e,,,
plantdoc_1cdea2738ee0409e07f95c1e47b0efcfd52d5b881bbc5a6d4332d2329145ad2e,plantdoc,data/processed/tomato_plantdoc/tomato_leaf_early_blight/train_tomato_early-blight_03_zoom.jpg,tomato_leaf_early_blight,f54d8cf627857c535b768b40927f5fe54cad4aa546d0bb1ae91c5d78a30ab442,,,
plantdoc_b9c096a1dcd17bb30056d70447a76e7ae7353ff6741bb08145b67f227a51301a,plantdoc,data/processed/tomato_plantdoc/tomato_leaf_early_blight/train_tomato_q1hq-early-blight-5052_zoom.jpg,tomato_leaf_early_blight,060e4aba444e9cc4fce4c102254449ab482bf289d20ee110cd5f6b49b8d5d92c,,,
plantdoc_12b539540d39a47299d5d6d0fda56aa4f7e63783f451f26f4e179f2902d13cf8,plantdoc,data/processed/tomato_plantdoc/tomato_leaf_early_blight/train_tomatoblight.jpg,tomato_leaf_early_blight,0d2d54e20fec032f1a9da367df05eb364e42cf1f18f83c0be6e86ed09f9b9abf,,,
plantdoc_624c05b476a19b4f302104d0940fbfb9d300219eed0761497a7b9a07b8b7ef30,plantdoc,data/processed/tomato_plantdoc/tomato_leaf_early_blight/train_tomatoearlyblight.jpg,tomato_leaf_early_blight,1a49e6707324fe524abd939a7f812db75cbe48021c6b64de1357c80d50da3d86,,,
plantdoc_26f200f9279006dc11d20bdac5e9928d8d028eeb58f4cd73069e7c9a0913345e,plantdoc,data/processed/tomato_plantdoc/tomato_leaf_early_blight/train_web1_copy_early-blight-6-_0.jpg,tomato_leaf_early_blight,8bb6d80747eb3b6987239685bd3aa19f6607c684eeaab2ca571a37f91a6b5763,,,
plantdoc_6f4422db7848d842a861f01f350ceb205e1b93730d5ece8c47536496b441576d,plantdoc,data/processed/tomato_plantdoc/tomato_leaf_healthy/test_1684.jpg,tomato_leaf_healthy,bc0ec6abdabe070a8e98749360809fc8cca196e21661f93a038d75b45e13b18d,,,
plantdoc_f47a4c8a5668bed9c8b0ac98c0ff4b91c0e22695daca3af7ada75ba4799407c6,plantdoc,data/processed/tomato_plantdoc/tomato_leaf_healthy/test_2013-08-20-06.jpg,tomato_leaf_healthy,f462b769606f79703c44a2c595f57269924bb41ea335b94cbff099bc5c2525a2,,,
plantdoc_45265ae43c6c11298804c53af22c680e2e2bc60621207beba89993915d4de76e,plantdoc,data/processed/tomato_plantdoc/tomato_leaf_healthy/test_90e2c0.jpg,tomato_leaf_healthy,e990d6c955434857b52b7904fdcc48893ff0b0cebcbc839db143bc301ec7b191,,,
plantdoc_1aa3ceca70f6b17bb943d6ef4714f05b14fac4332bf51f7ec4cd2a52c7cb9bb9,plantdoc,data/processed/tomato_plantdoc/tomato_leaf_healthy/test_DSCN1015.JPG.jpg,tomato_leaf_healthy,66e581feb1714e0cfd3e2afdc8f90dcf0394b897886233aa515b7dea1390da1a,,,
plantdoc_970270332a0d7a6a6fe99622587bc3a22714c135543413eb68b89ac6695e9963,plantdoc,data/processed/tomato_plantdoc/tomato_leaf_healthy/test_IMG_1246.jpg,tomato_leaf_healthy,d119deb0673b049551857318a686c6ecab5c2aa2607fc349ac25424d4ce636c2,,,
plantdoc_fb142f41e11374becb2d259325060c0748c8499ae6587e5a62bda404a83d623b,plantdoc,data/processed/tomato_plantdoc/tomato_leaf_healthy/test_Tomato59.JPG.jpg,tomato_leaf_healthy,36d4cf67739d3d7b079eed20331535674781886f75abbf7f010999a45b00980f,,,
plantdoc_2b35f5615ffbc1577873c59fb327906bba4743749822870ca6e64aedfccdb258,plantdoc,data/processed/tomato_plantdoc/tomato_leaf_healthy/test_Tomato_leaf.jpg,tomato_leaf_healthy,9cffe92d5f898fa2bb96e78f63ef46059b710a0f2d97054f1e534a5619778b13,,,
plantdoc_d73d6947fd8c23828af90bd2c9c3b07ab5578a87822558583ba36a33fa5adab4,plantdoc,data/processed/tomato_plantdoc/tomato_leaf_healthy/test_main-qimg-d9c2a93f60568485c989670d9bbf703b.jpg,tomato_leaf_healthy,66d8d18b9bf9c8d83efd3a0cf09c53fbbd575795a518b57a66bc338c11c07069,,,
plantdoc_9c8c2674a032e0d81944abb1e26e7b9dee01001fd21dd1d5a58368a76f1c0694,plantdoc,data/processed/tomato_plantdoc/tomato_leaf_healthy/train_003.JPG.jpg,tomato_leaf_healthy,b070fe8ff66dc8071997ee06f13d31ff5bf7c5348eab09a9f5ef39b76861b50f,,,
plantdoc_79f76deca433c486b4442477488b709ead5454d012af9d6ae3fcd3820a8ef5d2,plantdoc,data/processed/tomato_plantdoc/tomato_leaf_healthy/train_009-e1373768789869.jpg,tomato_leaf_healthy,81c48f1873998fb9ea1f5262bbecf6271dc142c5fe668fa4af7c5df4b5186710,,,
plantdoc_b61f30f44930f03c3c1dc634700e0fc5f1efa09356939bac463181abdf553f91,plantdoc,data/processed/tomato_plantdoc/tomato_leaf_healthy/train_100_8283.jpg,tomato_leaf_healthy,2e6dc8d894d71a2b75362f3edacf4f0caf9e27ce68bb85508f4e4f86511970d7,,,
plantdoc_4ca71a1d07bcdc83d0c2d125a71e2cd2fb1c6974ce58918b1eff59f15aa7202a,plantdoc,data/processed/tomato_plantdoc/tomato_leaf_healthy/train_15481477375.jpg,tomato_leaf_healthy,c0edbf21a0c7ab349f0b801f886d1e4e090476e06b3926f18d23bd17ed1ddd49,,,
plantdoc_c94293118c97c6853b6786ec31a0d22ee9a56b4600349f372b19b2c000860634,plantdoc,data/processed/tomato_plantdoc/tomato_leaf_healthy/train_1686.jpg,tomato_leaf_healthy,3edba79d624245191fc0036f231358ea60b2cc8e35645b2c54cc891892073027,,,
plantdoc_14998e11ef59fc5d44b71e8532aa74847b2a474820670db89f4c05b6a39314b2,plantdoc,data/processed/tomato_plantdoc/tomato_leaf_healthy/train_1688.jpg,tomato_leaf_healthy,9f0ee97e32949978c323ff62e2e70788b3c6ab7a2248762328a46099bb7519d5,,,
plantdoc_e3535ba594ed036ee8e6e5a36e9b7c2319916724b7a0c92f681af8d791859a6e,plantdoc,data/processed/tomato_plantdoc/tomato_leaf_healthy/train_17371378-tomato-leaf.jpg,tomato_leaf_healthy,da315866780e76ac36b5cee1dab4d5d3c2432f8d4f9cd3c93410dfd6ef46044f,,,
plantdoc_a596882b670fdd16756347d00b7e28a5474851e2f489317ef312f7f494e499cf,plantdoc,data/processed/tomato_plantdoc/tomato_leaf_healthy/train_2013-08-20-03.jpg,tomato_leaf_healthy,5e2472f415aeb8e7cc254db1f17b2d14a4f2daae70b685ee8a70a29f0f99308a,,,
plantdoc_b435be9f01f37fa0c88067e227330655e2daa062957f86ec5eacc8345e55bab9,plantdoc,data/processed/tomato_plantdoc/tomato_leaf_healthy/train_2013-08-20-04.jpg,tomato_leaf_healthy,50e8f7928017878f7f020bb8f52b61f99d74f3db1d20c80d41a612e04695d32d,,,
plantdoc_9dde9216741d57ae2e32cdea500841d8295b3e98ffd6d2fe45e0193fce64e0a8,plantdoc,data/processed/tomato_plantdoc/tomato_leaf_healthy/train_20130609_151253_zpsc7d93f62.jpg,tomato_leaf_healthy,887ceedf22efce49400c63d57e1512418f874ad3409548cc41a64508e4a5abef,,,
plantdoc_2bcc565ea6982dc1175496428964212102a6604b0bf85b01750c01d07c347db8,plantdoc,data/processed/tomato_plantdoc/tomato_leaf_healthy/train_20140818-tomato-sauce-vicky-wasik-1.jpg,tomato_leaf_healthy,b841720c688db5f8a1989394b8f5aaf59c1a9ce5a855d66ad843be928db7c41a,,,
plantdoc_51aebc4de6ead0b74eba5ed08c48b3ab3d22c4d713f597d739be0bdf6377d20a,plantdoc,data/processed/tomato_plantdoc/tomato_leaf_healthy/train_2015-09-17-01.jpg,tomato_leaf_healthy,1c73f9e07e567ca8d697f013806b9fdafad0520bc096967218fc6cecd417caf4,,,
plantdoc_29d7752779d4e61f0cccf3c59406988399a2e1375f229d4b2991335ea0b53651,plantdoc,data/processed/tomato_plantdoc/tomato_leaf_healthy/train_20160428_080421.jpg,tomato_leaf_healthy,1754285bb8b6b101871ab40be539419c2ea1931aa98f236c9eecd00a29360444,,,
plantdoc_9752d2acd73dd9ec72c78f15997fdeaae5189beac1ebb7be7fba2f2d927779d2,plantdoc,data/processed/tomato_plantdoc/tomato_leaf_healthy/train_9bfac1dea7f401e3b379dab33f535bb4.jpg,tomato_leaf_healthy,d069fbe08ea07926e4213ab277f528888d1e6288a838231283e830c1c606a3de,,,
plantdoc_ef8cfb751021ea644e9dc91b30a1064bc22a5a374ec76604c26fec7cf191e862,plantdoc,data/processed/tomato_plantdoc/tomato_leaf_healthy/train_Bacterial-leaf-spot-transplants1.jpg,tomato_leaf_healthy,d1b2bfca29dfba94c27127b2f7f0dc7ef73a753d36d565ca6c55d49d21ca2364,,,
plantdoc_eb4e0a97b8fc64ce82ffea8856aa955e3b8bb77bce1b043da37f2a8845fdb5a3,plantdoc,data/processed/tomato_plantdoc/tomato_leaf_healthy/train_Basil%2Binfected%2Bby%2BTomato%2BSpotted%2BWilt%2BVirus.jpg,tomato_leaf_healthy,9b0207d6b0db32bf77b33ad7efdd5f9cbed2f4e085d8ad86f335e5485543e08f,,,
plantdoc_7dc61fb32e58ecf3e76a3482d160f6a41c66523ca2a5c9a36bff7d4db6391bd5,plantdoc,data/processed/tomato_plantdoc/tomato_leaf_healthy/train_CTG514794.jpg,tomato_leaf_healthy,02b4ea0990e9f4aa7fc87781695d40a5d42a38e3c8461790bb65764c0e74d03e,,,
plantdoc_1d759ec5679aa8d5554fb4a3f87e3ee65b85ecd9fce8caefe38015ae0b74c1e5,plantdoc,data/processed/tomato_plantdoc/tomato_leaf_healthy/train_DSCN1016.JPG.jpg,tomato_leaf_healthy,8d84fa7ef2daea720ba5121a277f493208167bdd76e2dc0718968be6d9b7dfb0,,,
plantdoc_0ba0c3d427dc3e7a88a2c54ffe9ea9d1ce8f9e1ecbe0e624518883263927cf54,plantdoc,data/processed/tomato_plantdoc/tomato_leaf_healthy/train_Fig-2.jpg,tomato_leaf_healthy,75bcfcb736bcdabbf38a590620688985893c366548978ce1cee9e77d62e881a9,,,
plantdoc_ac639896b993dbfa7c88c8b2266ec98da324d24027c04c779171eeda0047fe6d,plantdoc,data/processed/tomato_plantdoc/tomato_leaf_healthy/train_IMG_2061.JPG.jpg,tomato_leaf_healthy,3939bedbdd597ee39fc74bf1a76772765082e4586ca4029a3169feadee1506a5,,,
plantdoc_c344f91c7893a8dc024cff9a83bccd387f3a8309194b79231c28fd322ec0f46c,plantdoc,data/processed/tomato_plantdoc/tomato_leaf_healthy/train_IMG_3011.jpg,tomato_leaf_healthy,a07add095885e0cb5193781fe287542029fdbfca1d73ab3f5acfb2532a3a4eaa,,,
plantdoc_71384095cabeec5c38dd78008d5a6f4e5d2224711de1fe2a34038d79b5fa5b98,plantdoc,data/processed/tomato_plantdoc/tomato_leaf_healthy/train_IMG_3192.JPG.jpg,tomato_leaf_healthy,0fe6f9b56e0bfadf748293f8dc6e9328027e736b8198f4c543ff5f878196e11a,,,
plantdoc_654f457ab10b14b97e17baa973c46811f8d58270c7127ed829f17195e59da01c,plantdoc,data/processed/tomato_plantdoc/tomato_leaf_healthy/train_L.peruv-assort.jpg,tomato_leaf_healthy,22d3021cc9be391aad356bb3c4dc0de6239e6210da8b1d615776cefbaa73a02f,,,
plantdoc_435ac965717dbb1890bd76049405213f05ce06875c8f39bc481e4a1956605f63,plantdoc,data/processed/tomato_plantdoc/tomato_leaf_healthy/train_Leaves-of-Tomato.jpg,tomato_leaf_healthy,356f9de00f0ef794de790bcd76200255fe2dbbf027ebdc2fb23607dde218141b,,,
plantdoc_7b87845a315468c57350dfdf53d5f8e2a95094e3842b56babeabe8c7ebea9fbe,plantdoc,data/processed/tomato_plantdoc/tomato_leaf_healthy/train_PxWBE.jpg,tomato_leaf_healthy,4b85bc7f2190422db15545e957571a2565341a932f7359eb02064b7b845b394d,,,
plantdoc_d0225d269e5f7709eb1ee718d06656161fbe190a2d3f553476bc729dc7feb25b,plantdoc,data/processed/tomato_plantdoc/tomato_leaf_healthy/train_Tomato%2Bleaf.jpg,tomato_leaf_healthy,d052c3663489cf27b32d2e62284f5200afa43c42c67f3d3517e1e792c6612a73,,,
plantdoc_846011d46587528549e97bd59bbd96c698a727df4d06b7a90e51c48a31f6e005,plantdoc,data/processed/tomato_plantdoc/tomato_leaf_healthy/train_curling-issues.jpg,tomato_leaf_healthy,3497d19ccb856dd22150a590b6ea43bb3eba0207243e1893bd1e704ffc27aeb0,,,
plantdoc_5ec815ba30877e04d151a826555e7ab0f01338b3793370e794d9d45968990b89,plantdoc,data/processed/tomato_plantdoc/tomato_leaf_healthy/train_depositphotos_120361722-stock-photo-tomato-leaf-closeup.jpg,tomato_leaf_healthy,db5f8daa4219ec01e73c7e9fc3bad8a67258d6e7d2fce16cd36d6297a070d411,,,
plantdoc_928baee0aaf03b736278f5ab065e3851a147b81db0019c974d95a95db44e7e6e,plantdoc,data/processed/tomato_plantdoc/tomato_leaf_healthy/train_depositphotos_143371585-stock-photo-tomato-leaf-closeup-isolated-on.jpg,tomato_leaf_healthy,e9fafd192f2d98d467fcf9615637f6163a5b6603c22f050e9d3223b29fc00184,,,
plantdoc_6f407f5c93e1ccc9cdbff2d74d1b4423bfc9eefe44c9b10084474f3eafb65308,plantdoc,data/processed/tomato_plantdoc/tomato_leaf_healthy/train_depositphotos_7182856-stock-photo-tomato-leaf.jpg,tomato_leaf_healthy,8f1cab1969de06a57c663fffe5464aeb75ed3b38d7ee737783e98aab07a6dbc6,,,
plantdoc_317449b4ae28d46e63d837911a0e15ea183255134c036df3131cee03c1ec745b,plantdoc,data/processed/tomato_plantdoc/tomato_leaf_healthy/train_flies.jpg,tomato_leaf_healthy,9065172ad0176788c4341230bbd34e13434039e41fdca01da77cc962dea8f128,,,
plantdoc_c12cf7930ce8a769efed0d7d1fcbb2cc931f5e976b28d723d57655777d847c99,plantdoc,data/processed/tomato_plantdoc/tomato_leaf_healthy/train_fpls-08-01602-g001.jpg,tomato_leaf_healthy,7de4d88e344f8f72f5b21472721f7c4df25deb57039a83e18ebe45c93a62955b,,,
plantdoc_e19fe8eb99810a384e61b5bc07b2fabf7fa335394b9cdb0ee414c8334f9c916a,plantdoc,data/processed/tomato_plantdoc/tomato_leaf_healthy/train_happier-inside.jpg,tomato_leaf_healthy,1a460f7033ec027d766a9758cb20df96eeac417d3dd9bcc63759286f2252ef94,,,
plantdoc_4138fa314be854e77a4ebaed7ff3c628081169dd33feefb1a13deae1a2b98a4f,plantdoc,data/processed/tomato_plantdoc/tomato_leaf_healthy/train_img_1028.jpg,tomato_leaf_healthy,f6443987dc175b21fd7f3864129e37980208ac2f5b64c33148b3e9b9e43a8b48,,,
plantdoc_625b1a2df5048ff250cc941bd1fcc17118238beb896313aefdfee389a6f6b2d9,plantdoc,data/processed/tomato_plantdoc/tomato_leaf_healthy/train_img_6635.jpg,tomato_leaf_healthy,1dd93dc7abcf3b05cc0f68d372573886450c49a03c324eb4cf8539bb97f6a2ae,,,
plantdoc_a3dffbefa3a0b02bfa1b8203c060653239e64ecb404da5eae2dae982c118f948,plantdoc,data/processed/tomato_plantdoc/tomato_leaf_healthy/train_late_blight_tomato_leaf4x1200.jpg,tomato_leaf_healthy,7ed2e67e726be123b973849cea4620092f35573c5156c779c1c5fef87d9ccaec,,,
plantdoc_87843ac6103b7f8aa4712dda6329284b21d2a2de333433e284ccaf924c1227f3,plantdoc,data/processed/tomato_plantdoc/tomato_leaf_healthy/train_mortgage-lifter-yellow-leaves-2.jpg,tomato_leaf_healthy,a45ec8de626e95baf390eff6b2e5ccb14d4491bbe09dab53311ceb6150d7fe30,,,
plantdoc_82a7e223e88cf334cfb365036245368dc24551ac28224c767fdc21c2aac7ef06,plantdoc,data/processed/tomato_plantdoc/tomato_leaf_healthy/train_p1011399.jpg,tomato_leaf_healthy,5ef0155f9cf25443d13bc35d71c659d0c7dbdfdad02d1d12573142dc2ce95c67,,,
plantdoc_feccb366f112d07b4fed00328ffb14abcfcbcd6e9f20a1d136846398d1cdb2d2,plantdoc,data/processed/tomato_plantdoc/tomato_leaf_healthy/train_russian-2-319-dt-2010-leaves-high-tunnel-9-29-2014-c.jpg,tomato_leaf_healthy,67fee2ee91add5373f3bdd4c52f92adb15277864c2f8f416c53be446f30ead2e,,,
plantdoc_925111bd1b973dfb6ec23d24aaee33354d959276ee223997b5b977a799613a6d,plantdoc,data/processed/tomato_plantdoc/tomato_leaf_healthy/train_single-a-green-leaf-of-tomato-picture-id496662675?k=6&m=496662675&s=612x612&w=0&h=6zKfv022H_9cLQSIR_kpcOAlTeg1eIVtLBbc80PQA7Y=.jpg,tomato_leaf_healthy,91a7140dcd6cf50ee2e7e89095b4b10da2554276c751bef20363a543e60172a7,,,
plantdoc_b2bc75e582c9717769950e8590491a69e614fc55a98208d1ffa5ea1eacdb9003,plantdoc,data/processed/tomato_plantdoc/tomato_leaf_healthy/train_stock-photo-leaves-of-tomato-plant-isolated-on-white-12085288.jpg,tomato_leaf_healthy,d74f68edff7e6422ce148d1a574044649cb95c86bda82f951406d812682b6718,,,
plantdoc_98b8e26875beca19f00f60544cce891c44a3c2b100e77d0912578ca4cbf669a0,plantdoc,data/processed/tomato_plantdoc/tomato_leaf_healthy/train_stock-photo-tomato-leaf-isolated-on-white-background-580281301.jpg,tomato_leaf_healthy,1928c2ab76e67e8b653f054e4b930f5d23911d50c48231ec7fd4d6fbe7a463fa,,,
plantdoc_9e96f0623495aaa2cbf18aaf695f1aaa30ac4e7ddba03d06abafe45eae75be5e,plantdoc,data/processed/tomato_plantdoc/tomato_leaf_healthy/train_stock-photo-tomato-leaves-close-up-macro-shot-isolated-on-white-background-78796204.jpg,tomato_leaf_healthy,1f4c83af039d3ffa8d0e40c482b09502d280265e5f3d8fad32f681679e2300b7,,,
plantdoc_5ca513af5006c5d13890e09019d631db5fb81a2a18dc365dae58d0727923fd4b,plantdoc,data/processed/tomato_plantdoc/tomato_leaf_healthy/train_stock-vector-set-of-vector-elements-for-your-design-red-ripe-tomatoes-with-water-drops-tomato-leaves-and-tomato-203297116.jpg,tomato_leaf_healthy,66f230d72907366fb6f4955def968a131228ddbfd974a3f91d1dd06698a3975a,,,
plantdoc_d018df1405149dab53f7b20be5f7eef8dd7f32a3698280498612a8e8f5561a5d,plantdoc,data/processed/tomato_plantdoc/tomato_leaf_healthy/train_tomato-leaf-20728368.jpg,tomato_leaf_healthy,2cbbe5c2398deec190a81edb0f5c3ee63e483586a0ecdf6d39d74e34cd703e4c,,,
plantdoc_12494be3d468bcae54a4a9d0f4da0d9da5f157431bb78fb1aa12239eed537aa7,plantdoc,data/processed/tomato_plantdoc/tomato_leaf_healthy/train_tomato-leaf-26180166.jpg,tomato_leaf_healthy,0107bd4cb932f1ab7e56701dcd5d8de0a8bf59dacca6332d6245ff42832702e1,,,
plantdoc_ddec496f68345ac26bf677e6709420ae7c2beea1bdfd9bf50dd4293d9103d3d0,plantdoc,data/processed/tomato_plantdoc/tomato_leaf_healthy/train_tomato-leaf-6291945.jpg,tomato_leaf_healthy,19a4c21f943ad7cd4748ddc3e5a095e7920188033c65b7312e1d38904ff45284,,,
plantdoc_1466b74d2e1093152b78ac423db422aadcbdd917d7593abba397ea5af7b0105f,plantdoc,data/processed/tomato_plantdoc/tomato_leaf_healthy/train_tomato-leaf-6424287.jpg,tomato_leaf_healthy,ea9330cbbc2ad244f89a7484e5516abf711425aa2002916ac8222415fa48792b,,,
plantdoc_60d8a794f87107fa9e0e963872a5bd88a88653ae0da1ce5f25504eb51666d08f,plantdoc,data/processed/tomato_plantdoc/tomato_leaf_healthy/train_tomato-leaf-close-up.jpg,tomato_leaf_healthy,83ba49f39d83eb903b9fdec333503d8f1fee102ba20da4e6c931990517f39a05,,,
plantdoc_dadf778b78956e7fb8794a1d5ba5aefe958efd91a27c61897093e1a9cf11613b,plantdoc,data/processed/tomato_plantdoc/tomato_leaf_healthy/train_tomato-leaf-isolated-white-34309524.jpg,tomato_leaf_healthy,b5719cc0600fb92d4884f2d2b38edb05b37006203af26a740ba5b2498b46af0b,,,
plantdoc_655e3f756d3ed97b029d7309f01c7e46d9adc42f522d6f70b87adb7f3bd6a146,plantdoc,data/processed/tomato_plantdoc/tomato_leaf_healthy/train_tomato-leaf.jpg,tomato_leaf_healthy,2395bf9a596792fab2c36473e68a899531bcaee99af03ffd5664db8b083338ba,,,
plantdoc_0c9e395b05ceb98587d8fa86fc42ebff5d9502b62fae5e1519b2efae9932dec1,plantdoc,data/processed/tomato_plantdoc/tomato_leaf_healthy/train_tomato-leaves-17427786.jpg,tomato_leaf_healthy,d32b8374e798fb701fb46a06b2744062d853b9b5077884811ac208123c18e14f,,,
plantdoc_1bf9719fa735919a205f6256654bfed5b8870e6b57df0911b122992c34dff22c,plantdoc,data/processed/tomato_plantdoc/tomato_leaf_healthy/train_tomato-leaves-9025906.jpg,tomato_leaf_healthy,dcdedb1003e4f57fbf236ee2009af392bb08ef2fe049db1c83d307a49e9f6251,,,
plantdoc_04b87d2c05fff974ac261825c41525ad545a5ba43e7b69b9e6aeb4d244769d92,plantdoc,data/processed/tomato_plantdoc/tomato_leaf_healthy/train_tomato-leaves.jpg,tomato_leaf_healthy,d18871798c866d452749fc1b54a53eff916e997ccd663622f17077fc375d480b,,,
plantdoc_6366005a8440b03271ac5230316e25420835acf5aa1dccff2aa89bab48a81642,plantdoc,data/processed/tomato_plantdoc/tomato_leaf_healthy/train_tomato-vine-ripe-leaves-isolated-against-white-34863029.jpg,tomato_leaf_healthy,85ac7dbc490ace616bd3fe512bbfda51d4b46e106204dc7b434b3c0da9727000,,,
plantdoc_d49c66894e94069835778148f77db13c25832f1eed7e51765fb78119da871444,plantdoc,data/processed/tomato_plantdoc/tomato_leaf_late_blight/test_110822-206-Tomato-blight.jpg,tomato_leaf_late_blight,fd87cea75ee543ab40c76fb94cbc40e42d1c848e5f5dd7756e56f44d0367c734,,,
plantdoc_39b18e0f1386e5d0e981a1617fd293c4c3f3aa576c3fb1e8a6c6dd4f22487cbf,plantdoc,data/processed/tomato_plantdoc/tomato_leaf_late_blight/test_18c.jpg,tomato_leaf_late_blight,1a33cccc63bbb630a1c07cc04a1caa2ee0bbfb8f855529328076b3e725950afc,,,
plantdoc_27d6b9cad1f60972c0096e1323e3e5ccaae909431bfdf449e2d0da258c084483,plantdoc,data/processed/tomato_plantdoc/tomato_leaf_late_blight/test_636368370164094909-late-blight-15-.jpg,tomato_leaf_late_blight,d306bef21e5a4d9ddd57401a7b047a74a260f92096f443c786986cebf0402159,,,
plantdoc_e05064803f4d744dadece67da8adeafe79270026a3e2388ddc3f28c9fc4c610a,plantdoc,data/processed/tomato_plantdoc/tomato_leaf_late_blight/test_70.jpg,tomato_leaf_late_blight,26eb8199defc993cacb48533b22628d8eb5cfd092b5dbc10b8d9db509aad848a,,,
plantdoc_d06a368ad697df857a6d2e03c0919a9d8043faa51da4d7f45b494378a723c8eb,plantdoc,data/processed/tomato_plantdoc/tomato_leaf_late_blight/test_E%29Tomato-late-blight-foliar.jpg,tomato_leaf_late_blight,1146802ff74c97a511dedcb6bf204d3029e13734bb2d0fcc9a44bce50d2311f2,,,
plantdoc_3fcc64b11676e088fe05328c70d57ce01c9fde50bdd4567514ed9169a2266b1e,plantdoc,data/processed/tomato_plantdoc/tomato_leaf_late_blight/test_IMG_5808.jpg,tomato_leaf_late_blight,f77f5a7245b8a2ff0e3640693e679ac52b036ab639bbfef405d7de4ed4768536,,,
plantdoc_41b98402a0b832f85502218b35b399f2ac0b87ef5be520b0a6b65e148451e945,plantdoc,data/processed/tomato_plantdoc/tomato_leaf_late_blight/test_LateBlt09_06.jpg,tomato_leaf_late_blight,69526a0f4413d8f8e786650a8264e460496e41e0a794747b8358c7d4074dfee6,,,
plantdoc_5d59dc0de63c0aadf9e796aae1359bc8c16396317ad488a7eec6a91a24056049,plantdoc,data/processed/tomato_plantdoc/tomato_leaf_late_blight/test_dsc_8148cs.jpg,tomato_leaf_late_blight,0024d2b0e3bd578375ffb676d5c5a20c3f6d82d335f8758a215a539ac3a27ff6,,,
plantdoc_794dbd20f4459d18bdfd4fa02c1396f04a439e6af13de7a7115ef11d351ab715,plantdoc,data/processed/tomato_plantdoc/tomato_leaf_late_blight/test_image.jpg,tomato_leaf_late_blight,85f650d777a583a5a3f528fa7c356d8b673bc8c76f635cbf9dfdae773ea446a8,,,
plantdoc_fb0ecd874236399a84ee321a88102ac45ad6eb9344e4d74357a47bc9937005bc,plantdoc,data/processed/tomato_plantdoc/tomato_leaf_late_blight/test_late_blight_tomato_leaf_spore1x1200.jpg,tomato_leaf_late_blight,3d2fdce4dd866c8db1a76996e0115dec623b25cfa90a98e8259d6fabc038b3d2,,,
plantdoc_08b3390d221cfca0715d5673560061a9838b5df44f7e9039569dc0e518647c88,plantdoc,data/processed/tomato_plantdoc/tomato_leaf_late_blight/train_118A_Tom_Late.jpg,tomato_leaf_late_blight,3211680d3b880882f4964b082ba6afece7e80dd36503487a1d465fdefafd70cd,,,
plantdoc_c133c7967a39574dd9ca2eb4ed3dd2b8d741400a370ff1842306fcde9d3ad102,plantdoc,data/processed/tomato_plantdoc/tomato_leaf_late_blight/train_20150619d.jpg,tomato_leaf_late_blight,04ff0d731573d592c97f73cd2219800dcc9b4e7337c8ed90de2ec2374013a9fa,,,
plantdoc_820a973b2c84cc6f1bd389abbfa00bd1d5f0c24938669e0364dd8d347e7d11f8,plantdoc,data/processed/tomato_plantdoc/tomato_leaf_late_blight/train_2017-08-27%2B-%2BLate%2BBlight%2Bon%2BGypsy%2B1.jpg,tomato_leaf_late_blight,c18a445e03731ac98592c37b62dc25f211275f4a241b2a6236a9b3d8562646f2,,,
plantdoc_9623c3ac5186f415f40ee26d23222e365a92a8beef295638f624106fca9d92a9,plantdoc,data/processed/tomato_plantdoc/tomato_leaf_late_blight/train_5816170621_e1cce08736_z.jpg,tomato_leaf_late_blight,40650f5dce684890969418712fad8b7bfa646bc14b170e746b2ed7bfe2045648,,,
plantdoc_217178468125b69e846fb8cebc10dff4fb429aede09ce31f0fed48b803ae90da,plantdoc,data/processed/tomato_plantdoc/tomato_leaf_late_blight/train_600.jpg,tomato_leaf_late_blight,22e1e291eb9596eafefdfd9e8a2a754cf61097b6ea5704ff1936e7aa0be08e9d,,,
plantdoc_9f5fc516f68704dbb0c69acec3ed869345f87dc6d017a1f0d657275fb2599316,plantdoc,data/processed/tomato_plantdoc/tomato_leaf_late_blight/train_7262-drought.jpg,tomato_leaf_late_blight,8f4220ab82f3b8267deefc272098efbbfebc0dcbe6f1386fad7b4f698721fe10,,,
plantdoc_0627ee3801fd736e4609a8c39aeff77a1c8d625a28a3ede892ca755212c5c25e,plantdoc,data/processed/tomato_plantdoc/tomato_leaf_late_blight/train_924977LateBlightLeaf.jpg,tomato_leaf_late_blight,5f45463b3311e0d105d5870a67144dfd7018d00584a07f15db811649d2b811f9,,,
plantdoc_9b6df5ccf82be9d6eeb03d0924a352608071b20b7a40191a7700cd6f01c00831,plantdoc,data/processed/tomato_plantdoc/tomato_leaf_late_blight/train_August-17-2012-Supplemental-6.jpg,tomato_leaf_late_blight,98f661b5c89179fa23616c810aa99108985c7aa064aa80f221327e7bff6c2f48,,,
plantdoc_d556b87998c8f52bc040c885eb6e984b39f5c01fa01c4c9c047eba05ab75a501,plantdoc,data/processed/tomato_plantdoc/tomato_leaf_late_blight/train_F%294.jpg,tomato_leaf_late_blight,69cfc1a17079e20ebcbf1744e8d4a57fcb46105cfdfd32827820632096e0657c,,,
plantdoc_255ea2d87cc0e5136418ffeeb94453026b31eb8bb65f7f7af1eb887dc6160568,plantdoc,data/processed/tomato_plantdoc/tomato_leaf_late_blight/train_FS547-6-big.jpg,tomato_leaf_late_blight,392b0db6a61373279689516e69fc622f07a86fb656e3354b90022bd158787c05,,,
plantdoc_c080534d10d20f18204b031e9e06919a30962ad5469855f250820313b8103a0c,plantdoc,data/processed/tomato_plantdoc/tomato_leaf_late_blight/train_Fig.%2014_opta.jpg,tomato_leaf_late_blight,c0a56dc465599772ddc4a3fa3077b521e6e67b963888a28342b99a5fbf2261e9,,,
plantdoc_9994c1c6b4f413dbcafe367d7aec3b9a8bba340eeab020b77e50c671c054f3d9,plantdoc,data/processed/tomato_plantdoc/tomato_leaf_late_blight/train_IMG_1526.jpg,tomato_leaf_late_blight,55895d4f6f86786b98af334774d1a50e4e987bdbb4e204d67d43d94bd5a88601,,,
plantdoc_2b63c0ccd9c4c63d84693b85991b7416a5bd48b93e8fd45fcdd967ec909b1c67,plantdoc,data/processed/tomato_plantdoc/tomato_leaf_late_blight/train_IMG_2254.JPG.jpg,tomato_leaf_late_blight,6769df3101a893e3d17a987aa33b296e1264927efd485e81227d7ab0c4345b2b,,,
plantdoc_65f97f955d103850e88ea8141c035f991304562f34e1303b51de491b59c95461,plantdoc,data/processed/tomato_plantdoc/tomato_leaf_late_blight/train_IMG_4182.JPG.jpg,tomato_leaf_late_blight,af8da915a9432b0fd85003030f9a4373cd0cca6ace3dc0dc04eb5fe5f27a2ff9,,,
plantdoc_a19804f20e9a8cf17cf2c2cd3f3145102878f9e3d67636a51f7aabbdd0c91383,plantdoc,data/processed/tomato_plantdoc/tomato_leaf_late_blight/train_IMG_5360.jpg,tomato_leaf_late_blight,5118060f0790a20d309f5e181248777912a72453c63d18c2d5db05da9a723995,,,
plantdoc_4954fe40f81443ba7044732bbd17885b923f8de70aa78b40ef42d6f4fd8a0904,plantdoc,data/processed/tomato_plantdoc/tomato_leaf_late_blight/train_IMG_5368.jpg,tomato_leaf_late_blight,a3258472a0d67a56458fd268f64ffa0b08164cf17cfa05cc5ae972e02a8cde68,,,
plantdoc_2a6df474c6241ac21bec8161c5688b608f02b1aaa3a677c6cf01d82b64420054,plantdoc,data/processed/tomato_plantdoc/tomato_leaf_late_blight/train_IMG_5813.jpg,tomato_leaf_late_blight,1c2610d64ded9d26b2c5636d55d3acbf065e5ce346585bdacc81661e4e5484c9,,,
plantdoc_c64471860e201e54602332ce3cdb9bf030922557f86c95a4ea2831ce9d4df6d6,plantdoc,data/processed/tomato_plantdoc/tomato_leaf_late_blight/train_LB-2-225x300.jpg,tomato_leaf_late_blight,8934b2adf56dea95be7e3309de048d83f13f7e148c17b7f5ccfee667303d87be,,,
plantdoc_f1a91c67e6943654dcb245a489d2f3bb7d57600e2027850dd2bf01216e96c5c0,plantdoc,data/processed/tomato_plantdoc/tomato_leaf_late_blight/train_LBleaf2INIA_0.jpg,tomato_leaf_late_blight,73c62c716108bb65142931eca09dbe47fee66d1b0366bae04ea455f6090df9b5,,,
plantdoc_f5d3b92b108600292bbac577411a8648e609a9b2a5dd9bad8dd377ec89c47ef7,plantdoc,data/processed/tomato_plantdoc/tomato_leaf_late_blight/train_Late%20blight%20tomato1.jpg,tomato_leaf_late_blight,fe02c0e388c8495ed2634ba409116e3bce2e52590e06a60252bb86820fe76497,,,
plantdoc_f17f8635b6ed8057dc3845462430bb35134ca9e70193cb1c8b86b56fecf061b0,plantdoc,data/processed/tomato_plantdoc/tomato_leaf_late_blight/train_Late-Blight-A.jpg,tomato_leaf_late_blight,f048eb4e88675df2b8223cc8c6185668dbaf68974e85917b9fafe9f6204ce8df,,,
plantdoc_d7c17374a1a31ab2facf77b7a398b33570fccc6ba0cbe2db90e5d2c88d7b0be5,plantdoc,data/processed/tomato_plantdoc/tomato_leaf_late_blight/train_Late-Blight-on-Tomato-4JDill.jpg,tomato_leaf_late_blight,c13e63b73f74512f9dddf4e5aa558d96eff7406164e5d22f0d17225027766576,,,
plantdoc_34cd3ca051a01b9327b5d8c42c5f4c5e1c4a6f294c517f9a99e01b5ebf0eccff,plantdoc,data/processed/tomato_plantdoc/tomato_leaf_late_blight/train_Late-blight-foliar-leasion-on-tomato.jpg,tomato_leaf_late_blight,9567fdeaa51c7770775c6a12d993ed54b8857bd7a7ce9a57d1d194d0e9acc3f4,,,
plantdoc_1cf8374f486af304b752ded6cdfe6ab55e33527d9eaabc201b3ab732e53a17ac,plantdoc,data/processed/tomato_plantdoc/tomato_leaf_late_blight/train_Late-blight-on-a-tomato-leaf.jpg,tomato_leaf_late_blight,f6734228a16bcb0736284aa6dfcd6a0b1b2b8e3aa412820dc1a21dfd08f3473b,,,
plantdoc_17bb75c8d46a9dbfd877deec2f7cbc717214627229af99579b11bf4dba93e33b,plantdoc,data/processed/tomato_plantdoc/tomato_leaf_late_blight/train_Late-blight-symptoms-on-tomato-leaves-1r3uhy2.jpg,tomato_leaf_late_blight,23f1b3eb30a0a7a33c0bca7a94d448820bbecba9d52d9c23723cb921d3265675,,,
plantdoc_0fba1d285d74e95d4875eea86dd875b1a8cfccea61438933368bf7c4950a4634,plantdoc,data/processed/tomato_plantdoc/tomato_leaf_late_blight/train_Late-blight-tomato-leaf-VikramBisht-MBag.jpg,tomato_leaf_late_blight,eb5516991ec41a37567f24067f33fa3af88485c807fde03ce09e7373cd334eb2,,,
plantdoc_9830864a11aef1ab9a60a9ab28154d672b3e7bf37c19ab1a265a52911d45a4b5,plantdoc,data/processed/tomato_plantdoc/tomato_leaf_late_blight/train_LateBlight-Leaflet-Large-Spot_9005-ROTATED-sbzntn.jpg,tomato_leaf_late_blight,4fcf9d49b5a47364965b175ad10266aebc75d32bb98e3f2f380d89c8cbd85c98,,,
plantdoc_cc5308c5a13b8e1e705dedbef4196ac5e095347c2181c8aef8e4c9eb8d59f113,plantdoc,data/processed/tomato_plantdoc/tomato_leaf_late_blight/train_LateBlight-Tomato-JJ-2009-17nxg4q.jpg,tomato_leaf_late_blight,6a8ce87008be630aaf9153b16e33bf11b427ea982f9c02a9af247d35193052cf,,,
plantdoc_7f71d5403bf6b1f5ec31254a64bfec21ce56c6029c6435b2e6cc7e1c67fcf2cb,plantdoc,data/processed/tomato_plantdoc/tomato_leaf_late_blight/train_LateBlightLeaf.jpg,tomato_leaf_late_blight,e2a5a8fa44b401240bc20e971371df722267115731d247373489258e78c54f3c,,,
plantdoc_e9452beacabaad717e2ae28004dda23131d3fa513ded24d0ae74c80480c2dbab,plantdoc,data/processed/tomato_plantdoc/tomato_leaf_late_blight/train_LateBlt09_05.jpg,tomato_leaf_late_blight,c28b4fd36683fbf9a582188c0b5e01d4ef79706316f6a0505a0316ba8051cc91,,,
plantdoc_96fb832df7ab4126dc8e604c231628dd41c62a59638b93190c8f19408873af43,plantdoc,data/processed/tomato_plantdoc/tomato_leaf_late_blight/train_LateBlt_FromRusinek.jpg,tomato_leaf_late_blight,623125f67831c8382451aa861828fb39805c1c4524262f68e1496397f6352ef7,,,
plantdoc_50581c199d6472cfae850ac4ff105183f139bcb980c675a0770af01ed125a306,plantdoc,data/processed/tomato_plantdoc/tomato_leaf_late_blight/train_Late_Blight_2.jpg,tomato_leaf_late_blight,821928ee1b5d9b44fd0530639c9954db0e5bcd231af659ee45aa6aac104813d0,,,
plantdoc_4f441c3ab79a8f2d01ac7713429369349604e4969af772ef992011c8e16047ef,plantdoc,data/processed/tomato_plantdoc/tomato_leaf_late_blight/train_Late_blight_on_tomato_leaf_%287871756748%29.jpg,tomato_leaf_late_blight,c307edf59875fa677c15ecdad3b10230d96886942fda2f743ebda8880ad2882e,,,
plantdoc_5ef6c543e129ed2cb7fcfe9a3287a0db71f69c1dab11e3e695e5b66c3b84ccac,plantdoc,data/processed/tomato_plantdoc/tomato_leaf_late_blight/train_Pest2369.jpg,tomato_leaf_late_blight,b031c7e4550ac090c4f7f1cb2aa150bd5c45dd1225f44d2a3f6144b22a71f45c,,,
plantdoc_b82355bd5ad24c8d4d2e967965485aa936a0d750de2bb108dbfa6c1db255ac22,plantdoc,data/processed/tomato_plantdoc/tomato_leaf_late_blight/train_TOMATO%20LATE%20BLIGHT%20ON%20LEAF.jpg,tomato_leaf_late_blight,c063ea0c9ad3302c45d414776d122f3f860c0b9307cfb84e03d843db7c67d4ec,,,
plantdoc_2e2511518fde93c5454c35b281f3d52ee4c1c0a5e0d69b4a940c9daec57d3250,plantdoc,data/processed/tomato_plantdoc/tomato_leaf_late_blight/train_ToamtoLateBlight3-Version-3-oohvze.jpg,tomato_leaf_late_blight,8c70c4321a305ca3225768862b0ce55abbe3d2933016052d96c9d2752abb5815,,,
plantdoc_13cc8d7b8d362cefa151d3db0e7038b6238f2ddfeec852aeedbd630c7fc00356,plantdoc,data/processed/tomato_plantdoc/tomato_leaf_late_blight/train_Tomato%20late%20blight%20lesion%20closeup%2013F.JPG.jpg,tomato_leaf_late_blight,dd0bd303b3b61cc75ce5f5c28b7d2d5a47e53851293bcfd0b39f84bbce973fee,,,
plantdoc_11e2265fc4b59a03ac5ce691e227711c931c6812a71c80aa2769de7b4734e340,plantdoc,data/processed/tomato_plantdoc/tomato_leaf_late_blight/train_Tomato-Late-BlightBM.jpg,tomato_leaf_late_blight,13308923f530e5d174db26a36b92621f8e1df3cc4a1225bb94140afa2c0822e2,,,
plantdoc_ae865c5b099ad0a31ab0526e35d776ae12e45159e01fef5e756a73d398d379a0,plantdoc,data/processed/tomato_plantdoc/tomato_leaf_late_blight/train_Tomato-late-blight-leaf-Margaret-McGrath-Cornell-Bugwood.jpg,tomato_leaf_late_blight,7a077d03b215f85b61b5290f391d68339e53f2fb3935997f90517b0bb5ebcb17,,,
plantdoc_1fd01cb0727bd6723f22376a488ac6c3dc002053825c7552863852e061ff4823,plantdoc,data/processed/tomato_plantdoc/tomato_leaf_late_blight/train_TomatoBlight.JPG.jpg,tomato_leaf_late_blight,bf46eefebb094817ad199cb5d84822f4dbd55213373185c38658adee34e8a7b3,,,
plantdoc_741a4462e849b00fd6104f3ded94ca263730c0461be2c04e77fdaedecf4a105f,plantdoc,data/processed/tomato_plantdoc/tomato_leaf_late_blight/train_TomatoLateBlight-3-Underside-2ebj05b-300x225.jpg,tomato_leaf_late_blight,e86b5c15a56efc7e64f50af6bb7317cc2271c0067ed69371bb02aca7b43f0695,,,
plantdoc_78962100e2c40ee57d95183c88299a1b7c01d9f83c44eae34aa662e281ad73dd,plantdoc,data/processed/tomato_plantdoc/tomato_leaf_late_blight/train_TomatoLateBlightTop.jpg,tomato_leaf_late_blight,8db3c1eaf91af244d4d19789a44d5f2e986b845c078e308173100ccf5c61aeb2,,,
plantdoc_b45f99fde942d5fb4b22c081e3e42cb325991f54816c1cddb3323322e42f52eb,plantdoc,data/processed/tomato_plantdoc/tomato_leaf_late_blight/train_Tomato_Blight_Leaves.JPG.jpg,tomato_leaf_late_blight,832994798f766962c276db708f79bb66e019e6099356a9ef278f3d5f335a993b,,,
plantdoc_f4934046ab68d647d4368bee397c5a2a73e00df0b7d8ddc5b43dfbdcee274d13,plantdoc,data/processed/tomato_plantdoc/tomato_leaf_late_blight/train_a7710b5901ba1f8e9759ef7576cd9f09.jpg,tomato_leaf_late_blight,5dcae1eb24088f5742e9ede12c476f59571827915f0424907c58b348ce26479f,,,
plantdoc_156cfdb407c69d4bec289ed70a29a9bc4d40f16de948a37e2015fc41327985a7,plantdoc,data/processed/tomato_plantdoc/tomato_leaf_late_blight/train_dsc_4621c.jpg,tomato_leaf_late_blight,d074496a736f41783e0eb8b05f832102dcb07e9a4718d61374cbf2cf3884cc90,,,
plantdoc_fa0e3debadd21247a03f5e90bb2fd72f31f23d2f2101c35e34f30f173202eb5a,plantdoc,data/processed/tomato_plantdoc/tomato_leaf_late_blight/train_dsc_4624s.jpg,tomato_leaf_late_blight,f96cff195926f529f8e96819368cc3e0a496e438220f0a80b67a984f8de2e2b9,,,
plantdoc_429109b5ac6848080e5a55c3e3e33b3e4457e2a99ce9c5ea4462bd2cb4baac1b,plantdoc,data/processed/tomato_plantdoc/tomato_leaf_late_blight/train_dsc_8140cs.jpg,tomato_leaf_late_blight,3a120425434f28876d0cd77087454b02d97fa7c1653070998941d995b6bb7be4,,,
plantdoc_75b3447fdf8665b349ddaec108764551cc32bf42090610464bca735ebcaf0129,plantdoc,data/processed/tomato_plantdoc/tomato_leaf_late_blight/train_gardening-moisture-lateblight-tomato-leaf.jpg,tomato_leaf_late_blight,9b5dee113131e9f3b690b46e2a3e4eec551051d86c24decb4f68e57400e03f85,,,
plantdoc_e9ace0cfd7f0b7355131e8cad0460057cae693bc693184d55d9849b4e7cd7eca,plantdoc,data/processed/tomato_plantdoc/tomato_leaf_late_blight/train_late-blight-TomC2-10.jpg,tomato_leaf_late_blight,0ce156b3c208b908f8e47c549f026f509a48d70f9b4dfc891647ca703b88310e,,,
plantdoc_9dde67f179aef74e019cecd45b523719e8f1fd4aede4fa05a7703d4eaa56f833,plantdoc,data/processed/tomato_plantdoc/tomato_leaf_late_blight/train_late-blight-fungicides.jpg,tomato_leaf_late_blight,a2432f3a03afc9057495bd436dfb4f3138d7bc87fdada0ccc49eadf208b40beb,,,
plantdoc_dce45462244091f3d39d94e915063e5886f7a35967599b974c77a6190bad2ef2,plantdoc,data/processed/tomato_plantdoc/tomato_leaf_late_blight/train_late-blight-phytophthora-infestans-damage-to-tomato-leaves-and-fruit-cmnxnf.jpg,tomato_leaf_late_blight,c36fe8b9a70a7d4c9a9409f43e03d5ec948f373957ee4ba6924a6644c73546fc,,,
plantdoc_38881ba9c563dbb403f431dc56c6b630751a0beafa0ece09204cb396cc684acd,plantdoc,data/processed/tomato_plantdoc/tomato_leaf_late_blight/train_late-blight-tom-leaf.jpg,tomato_leaf_late_blight,ce975865aef9f1e1e161f3d998eb85d8d3400dd4a1cfa963d634e352c2a4c5c2,,,
plantdoc_f1ce103a2558609fd63db8ba19ed638f7998520c476145be71f0182294a67f80,plantdoc,data/processed/tomato_plantdoc/tomato_leaf_late_blight/train_late-blight-tomato-leaf.jpg,tomato_leaf_late_blight,8521706261f62e3a32a60d55c0c0af9a3faac498a3b00b72527674758082d6bc,,,
plantdoc_e1de11854a93b8bf1973f6f0f893e521e17b3fb8eae68a0394b74c6fdf2b0033,plantdoc,data/processed/tomato_plantdoc/tomato_leaf_late_blight/train_late-blight-tomato.jpg,tomato_leaf_late_blight,60aeb91bde37f4f5704818424a3672babbe9997a18f4fd34cc9ea1aa54943b1e,,,
plantdoc_80cc625f4fd55feb78f101fc4226916cfddc46ab55d2aa7c4bfc260e46cdf2aa,plantdoc,data/processed/tomato_plantdoc/tomato_leaf_late_blight/train_late_blight1.jpg,tomato_leaf_late_blight,3230695e2d8b18154ab2514dacdc3dca3249c8ef0559c255b958d3b62873e382,,,
plantdoc_b3af32563526f5f7413fdabcf4df7ee5b3c91b7b174206cc503899f4f270ced4,plantdoc,data/processed/tomato_plantdoc/tomato_leaf_late_blight/train_late_blight_2013_longisland1x1200.jpg,tomato_leaf_late_blight,bc3c39f11fff5234ce39bd0c36613ce4546e1e75e205119b2d459f397b0a20db,,,
plantdoc_1a679392ac623509706fb988cf949d92ad4e2fd4f52052e4373a6613d20bc3f4,plantdoc,data/processed/tomato_plantdoc/tomato_leaf_late_blight/train_late_blight_2013_longisland2x1200.jpg,tomato_leaf_late_blight,a10e343751d2ff445cd22c93d92140da735ef533b10c45795ea85d4c2d67ab10,,,
plantdoc_60df4130d5b9d832ef5c0edbd15f6e85e90c72b502405f041ace39e40c7ab67e,plantdoc,data/processed/tomato_plantdoc/tomato_leaf_late_blight/train_late_blight_drought_leaves1x1200.jpg,tomato_leaf_late_blight,9a1408769ef9d069a31ec50cf9cfe591962a84159c32064b5d43b694abff1636,,,
plantdoc_43e7c614d6f02b5bfcda7ae39fa737d7cfc4f40bb547a6329547650ee4e2d5cb,plantdoc,data/processed/tomato_plantdoc/tomato_leaf_late_blight/train_late_blight_drought_leavescuux1200.jpg,tomato_leaf_late_blight,bdbe542bd9b254a4e96aaa4fef0c134cbea83f385876dd652d4da7d009e8ba48,,,
plantdoc_56aa83f2f7d97eca9b407a636c2893b4e8469a3e366faa1c6818954ef44992aa,plantdoc,data/processed/tomato_plantdoc/tomato_leaf_late_blight/train_late_blight_tomato_leaf.jpg,tomato_leaf_late_blight,e4c76f512198fc742905de176ec4f2f5611df51eddff2fc5f1ee9d2ebe479ef3,,,
plantdoc_e790d492b1b768f23ef1a5d190d4a38a1dbc2976c7c1845014c8f9a64bd69fbf,plantdoc,data/processed/tomato_plantdoc/tomato_leaf_late_blight/train_late_blight_tomato_leaf1x1200.jpg,tomato_leaf_late_blight,cac2ef0738add23eedf74b476e5483911d19d8035a9c076a4f92c8a8ea511362,,,
plantdoc_8daf999e4990124d4afe5613738dd47d716baa2e289dea57a1959584227a83aa,plantdoc,data/processed/tomato_plantdoc/tomato_leaf_late_blight/train_late_blight_tomato_leaf5x12001-650x305.jpg,tomato_leaf_late_blight,bd87613068228f0493aed0545b456d7a32905e88914c215a5802a396f2802bc9,,,
plantdoc_5f9456be8de430404e909e3d9d3eb75e1ff723562dfa51e69e6629bae0498cfc,plantdoc,data/processed/tomato_plantdoc/tomato_leaf_late_blight/train_late_blight_tomato_leaf5x12001.jpg,tomato_leaf_late_blight,7f45f20fb269dd24ed5e94e216a0dbdfb8a8c8676864f760c4b37abd68410f74,,,
plantdoc_33a42bd8a4484a9573f149813c442994fc75cda338134a66d6f224b93a8d1054,plantdoc,data/processed/tomato_plantdoc/tomato_leaf_late_blight/train_late_blight_tomato_leaf_.jpg,tomato_leaf_late_blight,35c7c59a82e0e7bce9309fa4ae258da0ab4c02fb3cdfeed7a1a8131422e4e17c,,,
plantdoc_1c690271e2da2939543ea162216a51f8b344e676e70138070d0b55c44b3c79e0,plantdoc,data/processed/tomato_plantdoc/tomato_leaf_late_blight/train_late_blight_tomato_leaf_sporex1200.jpg,tomato_leaf_late_blight,b06427f875a549080239281621541ecadb1e8d2c47860b4e7d0f5032d1dbdaa9,,,
plantdoc_4a4afe967ba36d83bf1028b1b929cde96ed6161b3f35e5dda4d941e98fd649b5,plantdoc,data/processed/tomato_plantdoc/tomato_leaf_late_blight/train_late_blight_tomato_leavesx500.jpg,tomato_leaf_late_blight,ff030db45790d99d7a286d17055dd9374525cebd05dec31e319a093602bd0c1e,,,
plantdoc_e948915d1ad5f532d2c1e976fe7c1509b1ff5bec219ff24394b0999f06a328da,plantdoc,data/processed/tomato_plantdoc/tomato_leaf_late_blight/train_late_blight_tomato_transplant2x1200.jpg,tomato_leaf_late_blight,6966160097c74973e47af258ad4fcd63a4790f8efeda4c2feb6de15285e761b9,,,
plantdoc_43bfe1195c58d9efab0325eaaf85e418dc16d895b1fa5d5235b8126ca2039a8e,plantdoc,data/processed/tomato_plantdoc/tomato_leaf_late_blight/train_late_blight_tomato_unusual-symptomsx1200.jpg,tomato_leaf_late_blight,daaa8f3f6b7dc8c79aafee2832574a300f8a3b30b0263c13670067d8a87dd183,,,
plantdoc_47c2043ae7b2388bc4b8de0bff93413f5f8709374d20bfda60e7e2d1005d1ce3,plantdoc,data/processed/tomato_plantdoc/tomato_leaf_late_blight/train_lateblight2.jpg,tomato_leaf_late_blight,7f67e36d10f1fc66a73b4153746e4b5aeda408230734c399eac8b383d5c8440b,,,
plantdoc_7bf67b5bef291d31711aa9c0cbf153f9f7aa5c95b495f116af1708cde606c487,plantdoc,data/processed/tomato_plantdoc/tomato_leaf_late_blight/train_lateblightTom_lesion.jpg,tomato_leaf_late_blight,d89d0b34579e6551c854e72a0f5b59389cffc59ee0ebee3bb98c95ce19029f64,,,
plantdoc_e8420c99e0369088dc0794e7e73b0cd2ef48c464308cdca1889121c01e84a112,plantdoc,data/processed/tomato_plantdoc/tomato_leaf_late_blight/train_lateblightTom_lesion3.jpg,tomato_leaf_late_blight,5c1914d9fb4714604f97b77a58c55154e6bc48a5f584187f2309b6d387e6094c,,,
plantdoc_5570b11f4a6432c909a930c3d0ba45753f3f392d2354d2d5525f5b29f71f7560,plantdoc,data/processed/tomato_plantdoc/tomato_leaf_late_blight/train_lb2.jpg,tomato_leaf_late_blight,47d998904f74d6126480b71ac31ca58edaac43bac6b6d0ecab962fd86a9f9e76,,,
plantdoc_5405f05e524d98d1afaffd42a0d86d9ba9dfb5065bda713a65c90fce065fd88b,plantdoc,data/processed/tomato_plantdoc/tomato_leaf_late_blight/train_lb_leaf_lesions2x1200.jpg,tomato_leaf_late_blight,9002d48a4f1e28933902689bb9aad944121c82b94ea9492371f91f31fe1b1534,,,
plantdoc_b847171e4d06a35ded13807092fc126e8d0f48236843d44d0a1816bf13794125,plantdoc,data/processed/tomato_plantdoc/tomato_leaf_late_blight/train_lb_leaf_lesions3x1200.jpg,tomato_leaf_late_blight,839eccecbdcf2adc73893431d878de68573b1e12b13fb40ca56e5f71e30ed63b,,,
plantdoc_6ecab8542f922b231dee930a8e4e8e77bf8ad085783685c05742211d47107c11,plantdoc,data/processed/tomato_plantdoc/tomato_leaf_late_blight/train_lb_leaf_lesions4x1200.jpg,tomato_leaf_late_blight,e0cb8e337b7ccffef5c9ffadd988ca0cde1d6b698f721cdd0bb6cc54f674b681,,,
plantdoc_fc60eff7d574f4adc8f2099546b0c25b2c61419a5fafdcc06088c02e2a425ed2,plantdoc,data/processed/tomato_plantdoc/tomato_leaf_late_blight/train_lbleaf.jpg,tomato_leaf_late_blight,12508fa6409708ca9905a4a32523119ae325a7c93e951f3893a01e12a7e746ef,,,
plantdoc_7cf975963796e8226f391061c65f27b9e404b572580848b68efcfd8db0e1ab44,plantdoc,data/processed/tomato_plantdoc/tomato_leaf_late_blight/train_p1020076cs.jpg,tomato_leaf_late_blight,be9b106043b7d340ffaa915fcda01d7b1966100e3df8337a281f48df9ee80bc0,,,
plantdoc_edb82e746413f34e85a30a5b4b6678c4adb291408bc7d9bf194ed7f1d6b2196b,plantdoc,data/processed/tomato_plantdoc/tomato_leaf_late_blight/train_photo-2.jpg,tomato_leaf_late_blight,78dcc9dabb2b57e9e51c28e765e112f52a5eb3ab06623c4a67f602bd04d8756b,,,
plantdoc_9eaacbb2652e54710672924c99261546d48f2a0d1c5e944c2829d51f3d55248a,plantdoc,data/processed/tomato_plantdoc/tomato_leaf_late_blight/train_photo-9.jpg,tomato_leaf_late_blight,7cea9a9ccb996089155d01fd649859ff3ab224501be089ce0ee11a29c8ab873f,,,
plantdoc_dbd7435a30f5a5a58114b90e019bbc300783e07072644239dc1be1cf20a95adc,plantdoc,data/processed/tomato_plantdoc/tomato_leaf_late_blight/train_stock-photo-tomato-plants-infected-by-the-late-blight-plant-pathogen-phytophthora-infestans-macro-539209615.jpg,tomato_leaf_late_blight,fed4412559d6f193eed1b2fe45639d1d7fb7ef996dbba2723f8b40200b95c61c,,,
plantdoc_e7ba1657975f7628fdb6425a9108ef937e6d1290af10568d9b232fc356c46900,plantdoc,data/processed/tomato_plantdoc/tomato_leaf_late_blight/train_symptoms_of_late_blight.jpg2__0.jpg,tomato_leaf_late_blight,dcd4897d6b910e92ef0cb35e3af59be9492fe1e2491717d2a634b2fba5792a40,,,
plantdoc_668d5fb9ef7ce1911bfc1a1dff7c516eb64b4e790de042fc9342d3e50d9ff5ed,plantdoc,data/processed/tomato_plantdoc/tomato_leaf_late_blight/train_symptoms_of_late_blight_0.jpg,tomato_leaf_late_blight,6c87b6a1b27d85267538a304e1359b82f00db3421d58ae79e77e98806dec3ccb,,,
plantdoc_48a3ff4ed8fa7a6c082a50e90055aea76a3fffa6371a7105cd6bea5145f70521,plantdoc,data/processed/tomato_plantdoc/tomato_leaf_late_blight/train_tomato+blight.jpg,tomato_leaf_late_blight,d07a6ae85ac6ecf494238951289024e7914aefae62f1f90ce8537d3cdc129ff2,,,
plantdoc_55c32d5d0ebce55ffa29d299a507f432086836484add9bddd9c857ebb2585067,plantdoc,data/processed/tomato_plantdoc/tomato_leaf_late_blight/train_tomato-blight-phytophthora-infestans-close-up-of-infected-leaf-b5n95x.jpg,tomato_leaf_late_blight,6aa903fc900a1c830823518655c5685ca00dc204be908bad5a4fd16e7191e5e0,,,
plantdoc_7499fab0d653ae4486a74b57c5134132de0cc95af2fc60b36255711158f9e324,plantdoc,data/processed/tomato_plantdoc/tomato_leaf_late_blight/train_tomato-late-blight-conn-2015-137c.jpg,tomato_leaf_late_blight,6c402224e255ad2119dc600ac2714f207a4f59ab9192a588fe6c8f15bd2ce020,,,
plantdoc_0cbe352b0906766f1ee98f4aa6383deb4657bf9f02e2c384c459badb0faeaef0,plantdoc,data/processed/tomato_plantdoc/tomato_leaf_late_blight/train_tomato-late-blight-conn-2015-139rcs.jpg,tomato_leaf_late_blight,2821453ff5feca11667f93871ce358cfe05ab431cf0c95910a1ba527f6902632,,,
plantdoc_48351692f625a00e4a5a2d489502181ec67cba7be1d33ae1da391783452437c7,plantdoc,data/processed/tomato_plantdoc/tomato_leaf_late_blight/train_tomato-late-blight-foliar-lesions_Scot-Nelson_CC-BY-SA-2.0.jpg,tomato_leaf_late_blight,845e3cfb95badfa9fa06675c134833b9849915083bafff579e3b14d251938f0e,,,
plantdoc_b7900fb11a204a3e5c024ae6ec7c37251100b776095a1eac46ba3d72a7cde367,plantdoc,data/processed/tomato_plantdoc/tomato_leaf_late_blight/train_tomato-late-blight-leaf-61-3x32.jpg,tomato_leaf_late_blight,9f0339e9851df57480c749fa2b5e9879cae89cc96d8a6e1a846dfbc472b4fac9,,,
plantdoc_90dec1e3fa9ba444e4b69d8acd69745a5e1cc630e70639f754bf934c1311ead1,plantdoc,data/processed/tomato_plantdoc/tomato_leaf_late_blight/train_tomato-late-blight-phytophthora-infestans-lesions-and-damage-on-tomato-bh3w9j.jpg,tomato_leaf_late_blight,5e5cf62f64af518859c4aa2196db554b95022b8036832da21dd8fcf8cba69a61,,,
plantdoc_3114d5f9321cec6da33de4fa023af96cd99725d5580181d45babebda0dbee198,plantdoc,data/processed/tomato_plantdoc/tomato_leaf_late_blight/train_tomato-late-blight-phytophthora-infestans-lesions-on-greenhouse-grown-ATA11J.jpg,tomato_leaf_late_blight,9c05a58a8da9096be59351957f35541c3326562d2fbcad4a9f404406cda7b224,,,
plantdoc_126cd1f05c0e12ccd8a27fe920523927938f8558c35e407cb74b6210b06a25ad,plantdoc,data/processed/tomato_plantdoc/tomato_leaf_late_blight/train_tomato-late-blight-phytophthora-infestans-mycelium-and-lesions-on-a15yr2.jpg,tomato_leaf_late_blight,dd593011c07e1b866b6f9d9d7549937fa7e56f7a488ea2436b1648b43d3b5dca,,,
plantdoc_e70493e4e28460a15264b3b9e6e90b45174e002b0d48ef5cafe10716af2d70b3,plantdoc,data/processed/tomato_plantdoc/tomato_leaf_late_blight/train_tomato-late-blight-phytophthora-infestans-necrosis-sporulation-on-a-tomato-leaf-underside-X5YDDP.jpg,tomato_leaf_late_blight,f7474217b5b29e55fa6f21a4fd4a3085e24e98cda9a5434d3124d5793e6c988d,,,
plantdoc_6fef6387470f799b278514309f25b20f945c9baf9eb0ab34178686bfd4f26e7d,plantdoc,data/processed/tomato_plantdoc/tomato_leaf_late_blight/train_tomato-late-blight-phytophthora-infestans-necrosis-sporulation-on-a-tomato-leaf-underside-XA233C.jpg,tomato_leaf_late_blight,2ad3b5105d22190fbfae4798ab4aec20e3d5d1fd467ebb3e3f51198ffdd3d95b,,,
plantdoc_53882eed0ec96d4749bda9387c013c3f6252fc20103c30639bc0968fbecd37e1,plantdoc,data/processed/tomato_plantdoc/tomato_leaf_late_blight/train_tomato-late-blight-phytophthora-infestans-on-tomato-leaves-a15ym0.jpg,tomato_leaf_late_blight,d8d94a853181a1e2d14ce6e5507a995c89778bee0db442f065f14c72d0da15bd,,,
plantdoc_3e2e81a6abef8772f462d577d3155a6c156a9ded18b27068084241706d801bc8,plantdoc,data/processed/tomato_plantdoc/tomato_leaf_late_blight/train_tomato-late-blight-sporulation-on-a-tomato-leaflet-picture-id81781370?s=612x612.jpg,tomato_leaf_late_blight,69494f416ce4803218604f78256ac454df38b990df9c97398f276a387e9fe99e,,,
plantdoc_f6a0ea49816fb0719a1acc7cf438137efa452053a50822bf3f924be94d7539d6,plantdoc,data/processed/tomato_plantdoc/tomato_leaf_late_blight/train_tomato.early.blightH.jpg,tomato_leaf_late_blight,380dd06e71b1aeccbc9255ebad6672a7bf51a333a233490ac099c546922c49dd,,,
plantdoc_7b4e8bff8cbe487d094a67e919fa9b79b6618feac516be2b503320e7065079c9,plantdoc,data/processed/tomato_plantdoc/tomato_leaf_late_blight/train_tomato_D33a-Late-blight-015-OMAFHRT_zoom.jpg,tomato_leaf_late_blight,d2a1b4541f4c3b20eeb0e30499c75f4c9ebeb1e7a90c01b8c26472cbed2f7415,,,
plantdoc_ab64ac6c16b12b6bf6e516c0668f49e733a03aa8c0ed719207979278868446d1,plantdoc,data/processed/tomato_plantdoc/tomato_leaf_late_blight/train_tomato_late-blight_01_zoom.jpg,tomato_leaf_late_blight,f336ee6b656ac4d98edb97e713a323db08f66b086da4169751e9d685ea67906f,,,
plantdoc_b04553730ad1c8b73d1faa0ed5c2a70cc232cbe50473519f82e90b0c6efef85e,plantdoc,data/processed/tomato_plantdoc/tomato_leaf_late_blight/train_tomato_late-blight_03_zoom.jpg,tomato_leaf_late_blight,8c9916076137fab755c95f7b9f9379544c458885416aa9661230038875da40da,,,
plantdoc_c5587038d9ff9e267324c3b94c5d22a266d113af3896133c5a6cf3993882f68c,plantdoc,data/processed/tomato_plantdoc/tomato_leaf_late_blight/train_tomato_late-blight_04_zoom.jpg,tomato_leaf_late_blight,114e5d0090cd63ad9e176375c2fde3a48f01d88af3bd1dd44909b2ecefa70a49,,,
plantdoc_163be310ff89bc45d8db00e93a2dbc0b672ff856e13a9c026f5e22d6e6050750,plantdoc,data/processed/tomato_plantdoc/tomato_leaf_late_blight/train_tomato_late-blight_05_zoom.jpg,tomato_leaf_late_blight,bc0b6524c8ba90d6852131511f257ba04acd04152169409e7ffe730ed69e3199,,,
plantdoc_f6087118de4b555f6a4c355f0186c37089a064dbba928b5ec14a27693d948dc3,plantdoc,data/processed/tomato_plantdoc/tomato_leaf_mold/test_49%20Leafmold%20Bottom.jpg,tomato_leaf_mold,3c831e06fae662ff4a0351be082f516545b537c4df5fad003eeb1c623fd160d1,,,
plantdoc_19a63c0e72f51d2231a3a81f616e08b0bdf9497964c5d468e94ff662c08d73b4,plantdoc,data/processed/tomato_plantdoc/tomato_leaf_mold/test_50%20Leafmold%20Top.jpg,tomato_leaf_mold,038898eee33130b1e02ecee95413923d4c51b9f81bd0277c29381a479bf53f2c,,,
plantdoc_a691f6eacad9341c980bd4c6e39e39c17948b9d6bd5bffe6cf8c268ef6b6702d,plantdoc,data/processed/tomato_plantdoc/tomato_leaf_mold/test_BIGSD.jpg,tomato_leaf_mold,4d61613d92bdb576e294d12be4e4c8a78fd92c683eed9cdaf8f43b2eaa9bdad5,,,
plantdoc_7f9cc0a1351b915977e8cc31f48b496e16a68b6f55ac9a1df934115361f56d04,plantdoc,data/processed/tomato_plantdoc/tomato_leaf_mold/test_black_leaf_mold_in_zina_tina.jpg,tomato_leaf_mold,555167747a5a251e3df7053d441bedf96d9707027d572d606313bf4f71483ef5,,,
plantdoc_871e2111970b16584dd9259e2c17c885cd84913282760a19bc7120af395fcd38,plantdoc,data/processed/tomato_plantdoc/tomato_leaf_mold/test_dscn6689.jpg,tomato_leaf_mold,e64cf32592c83208ed72d4e5ccee2f3bbfe5aec8f108d3f3db9a43cce7ea95fb,,,
plantdoc_80483794935e0ae61031787b88f4a42ce4088a7f37348d285ae296634397ae1a,plantdoc,data/processed/tomato_plantdoc/tomato_leaf_mold/test_fungus-univ-of-minnesoeta.jpg,tomato_leaf_mold,bfdd82a0f88aab850f5f214c7104d42d4266c11400b47285563b18693b4aa9f8,,,
plantdoc_a950b1c132e3891ab46f23e409cc7906f534861531f2e8c18fefb9328809a571,plantdoc,data/processed/tomato_plantdoc/tomato_leaf_mold/train_100_4542.jpg,tomato_leaf_mold,5d4b2e0d528b39131e2d53f733ca64a43a81c21766ddd63c209dbcac779f0506,,,
plantdoc_072b0fad7b856c40102484067a440a27da92dad1e73cf6282fd026b828f7879c,plantdoc,data/processed/tomato_plantdoc/tomato_leaf_mold/train_119B_Tom_Mold.jpg,tomato_leaf_mold,72dd1fea03f3c3e1b0574c39300ae45e0b58a1076f924fa466499d5854da5ec5,,,
plantdoc_da4bd8ef6f9c6629a4be7e60d7d5998b5719c0184ab08dbc57ea70e39963cb92,plantdoc,data/processed/tomato_plantdoc/tomato_leaf_mold/train_2195890.jpg,tomato_leaf_mold,744e9a50fb8fa0459727b8a500d8018ed8c5acd58591450999af3a5c425d75c5,,,
plantdoc_69ee0c1a330b62444b0be9ebff86472d71dbdf1823372571b18ccf5e556dd7a9,plantdoc,data/processed/tomato_plantdoc/tomato_leaf_mold/train_23600077_1572609202782510_2145699867_o.jpg,tomato_leaf_mold,277ffa6f7c532123a3f815335dbe9016f1492f9a642ded818f53989a1c52853e,,,
plantdoc_a3ef343bfea3a1df0a6072b8a7ec8c6603cc9930b33a574e08cd0262cb005621,plantdoc,data/processed/tomato_plantdoc/tomato_leaf_mold/train_23601051_1572608349449262_2029169498_o.jpg,tomato_leaf_mold,881683b24a9d1ccdf9ebcf4b1a5a2f5815975cc08cfef9ccc974b63981173d51,,,
plantdoc_4b6d279e100a97f78e44aa712aadd8910da7ac862ae73301917e818efc6422b4,plantdoc,data/processed/tomato_plantdoc/tomato_leaf_mold/train_23633262_1572609386115825_1396180255_o.jpg,tomato_leaf_mold,3d1839351811b5cc8e6bbb53cc8c4b0c750e6c2bac8bff6c0d02c301a2b18b09,,,
plantdoc_77280244577d25a9253feea0b833862aba06cd101f271248117180632cddd24b,plantdoc,data/processed/tomato_plantdoc/tomato_leaf_mold/train_4118c92ffde66d327ee14e4023320bf7.jpg,tomato_leaf_mold,75beb9ea5411dd447e5ac6d5f8341df82804d76f1d15111725141638680dcadb,,,
plantdoc_a897e1cd0b06aa5d299778a51ccbfb6535e7f9fb3a75f140760f315523883ffe,plantdoc,data/processed/tomato_plantdoc/tomato_leaf_mold/train_5830204360_757cd7fdfc_z.jpg,tomato_leaf_mold,b4bcc928f7e5d4926000b4e5d61ae7e05928db60aa20864d20c5f549995f4d12,,,
plantdoc_b11ba11338629195237c766b1a54795aaa2c921608382dcbcdb8657dde5b839f,plantdoc,data/processed/tomato_plantdoc/tomato_leaf_mold/train_603-116-0.jpg,tomato_leaf_mold,a340b3f089839417304566430c290c06ba716dcf8ca049d1e0bea331c1d6edfa,,,
plantdoc_5dc5d376bff971b65fe04e07d3dd6a5c6f531844eeebe82d7659fac10a251128,plantdoc,data/processed/tomato_plantdoc/tomato_leaf_mold/train_6032331.JPG.jpg,tomato_leaf_mold,cece53c23f454f16e4102880bfd9eab48fe62880193220c046efc1035e59a32f,,,
plantdoc_4982630a413845658bb8cc4ab0186311a6387d1d55ff7f7fe051062e27fedc4f,plantdoc,data/processed/tomato_plantdoc/tomato_leaf_mold/train_607-155-0.jpg,tomato_leaf_mold,93f16ef30627048c7e497502006a8eebe6bfd0f294195d889d5ae81a892a2c57,,,
plantdoc_f188fcfd2b2f9b7b15f203f507dd62be906b18f9a8e93440c9486111f4cfcdb4,plantdoc,data/processed/tomato_plantdoc/tomato_leaf_mold/train_607-155-1.jpg,tomato_leaf_mold,8c92ef0d0f0f8993259828b803d71d0ab66dff72528374052110bf947cf8b59f,,,
plantdoc_8bd4f7641b5a393eee416fdaa697674e0bff3d3569219ed3a8b93e66557830c7,plantdoc,data/processed/tomato_plantdoc/tomato_leaf_mold/train_8915974546_00664cefe3_z.jpg,tomato_leaf_mold,a3128c856103692106600896b2001f2e78d604b77cf9f042e275b1b07ae88974,,,
plantdoc_b1c2db0f075664a1297b95eddbc919790d4d8c9a36de3be2314d809788c56ee0,plantdoc,data/processed/tomato_plantdoc/tomato_leaf_mold/train_ArticleImage.aspx?imgid=4987.jpg,tomato_leaf_mold,c81f4ee8a9fa52b6f1a94d8e9dd82f177be1ae447398f9d64e5c2f6f88d90684,,,
plantdoc_ca5c848742727673d4e4924a1b87fc80ff90f43307c2bc0099d4a4f758ba14fe,plantdoc,data/processed/tomato_plantdoc/tomato_leaf_mold/train_B%29-Leafunsidecladosp-envez.jpg,tomato_leaf_mold,2afc3869c2edd8ab53e231099cb1102ffb3d3b7a75bfb9703b3af83e08b97a2d,,,
plantdoc_2a6127445c287f1120d5d75164c55bac8fafbf1581dfabc9e042dc4619e67f1e,plantdoc,data/processed/tomato_plantdoc/tomato_leaf_mold/train_BlackLeafMold2.jpg,tomato_leaf_mold,a768de0b84132ff21b604b589ef946f285e1eed7cf21d9268ddaaaa403e8407b,,,
plantdoc_527303bd1095d1be83dfee5a3894cdde8aa6594e7f9ddd1963fbf1d08679fe7c,plantdoc,data/processed/tomato_plantdoc/tomato_leaf_mold/train_Botrytis-Tomato-Seedlings-2-copy-50QUALITY-17wck0d.jpg,tomato_leaf_mold,db600d5a76cc60a041622eaf5e3fcef1c382fa333d8152865c4575eaa8db18a5,,,
plantdoc_5e9f6bad390891975f8f9786c01f15dd34f50e7149b0dd447002a042838bf788,plantdoc,data/processed/tomato_plantdoc/tomato_leaf_mold/train_DSCN2697.jpg,tomato_leaf_mold,795c99b260116ea4eb932f21ff8e62de46ecfda326889e709ac2278e6bd47c76,,,
plantdoc_4f62921d3b9f1a2cea75607b7976169e86cacbcf7a13d89ca739b0c97eecf7c7,plantdoc,data/processed/tomato_plantdoc/tomato_leaf_mold/train_Fig.%2015_opta.jpg,tomato_leaf_mold,acd3930fc33f62d33af4fe268ede6066da861853092e9ba7da185c83bb52c181,,,
plantdoc_7f39632badcac4975abca661c7fc347d9d3a3e89bc123c2e01332e5c972055dc,plantdoc,data/processed/tomato_plantdoc/tomato_leaf_mold/train_Fig.%2016_opt.jpg,tomato_leaf_mold,7755096395bf7e00c03264853e3acd5d5203f22dc2da02e70c6bac09596d3724,,,
plantdoc_8808dcad7e4c5ac4fe10b7af4691b1adfc41db83c087d901e0851572e1bde0ac,plantdoc,data/processed/tomato_plantdoc/tomato_leaf_mold/train_GIVXB.jpg,tomato_leaf_mold,152eb12191682697b63611c371ad13853cd442dd0d1f0a4362219526ca629d96,,,
plantdoc_c3c99353c539c7b6b1318f1553bc9bf54d10e99dc981ca492c627f196de60e6e,plantdoc,data/processed/tomato_plantdoc/tomato_leaf_mold/train_HighTunnel_TLM5.jpg,tomato_leaf_mold,d7dc0aea97594cd3edf2c965d52298f6d9fa46db17d6cc29d9c6cc72acdca049,,,
plantdoc_765f50829f28176be9bf2ce3b25e9f3ae43af821d26d99760f55695ce08debea,plantdoc,data/processed/tomato_plantdoc/tomato_leaf_mold/train_HighTunnel_TLM6.jpg,tomato_leaf_mold,1333fe553cad2faacb126e58346728a90a3925955a9a17f720aa5f080b7332b0,,,
plantdoc_8a5d1911eaf3bafa43276db0381f93e5d3fc49c2d25ad6543907846e6ad6c1cc,plantdoc,data/processed/tomato_plantdoc/tomato_leaf_mold/train_IMG_1261.jpg,tomato_leaf_mold,9ab59ab2c679f342e3cce8e3a036ad1ccf015252264c5c4ecf66db652637ca49,,,
plantdoc_ec0d2837a32933275e2a56ee305a326b7db0522e0fa66442cf06416a8715b806,plantdoc,data/processed/tomato_plantdoc/tomato_leaf_mold/train_IMG_7442%20resized_0.preview.jpg,tomato_leaf_mold,84b2ecfbe2b25cfa5c837c7d0e6c513c2f8cbae7cfaf706da5abefa326459a07,,,
plantdoc_f8804cd64d663a051dc8a9eb49ad8481b24ff43337ea577f33dd78eade62b2b8,plantdoc,data/processed/tomato_plantdoc/tomato_leaf_mold/train_Leaf+Mold+lower+leaf+surface+spores+%28conidia%29.jpg,tomato_leaf_mold,cec52edb1ad897189a75ce0b1051144ff90ecdfa22d9d552884830759e1002ce,,,
plantdoc_147e0828e9cf6cec9d9ccca9192308f69e29f2c8038444766e472662351ee2fd,plantdoc,data/processed/tomato_plantdoc/tomato_leaf_mold/train_Leaf+Mold+upper+leaf+surface.jpg,tomato_leaf_mold,83d438e89ce335decd18bdf155a3965fc08943fa3d635c216f97e42af6ba2644,,,
plantdoc_608deecfdba46c79f14bb9bec25ade71ceab999c75619d0c412f547611f9f785,plantdoc,data/processed/tomato_plantdoc/tomato_leaf_mold/train_Leaf+mold+tomato+%25282%2529.JPG.jpg,tomato_leaf_mold,e41457c4bf7071634a91f295557d590021c6adf453925dcb95fffd695277ea10,,,
plantdoc_3c9b938f11c9710636ebdcfa03921f2206a1ead8e60dfdb97ba7f4759b6ccd2a,plantdoc,data/processed/tomato_plantdoc/tomato_leaf_mold/train_Leaf+mold+tomato+%25283%2529.JPG.jpg,tomato_leaf_mold,476ee09e4055e372a8148dbf46ccf2f33b9984ae9e85b4e65984e52f57b84b5e,,,
plantdoc_21f0444036bff35341bf95f7f9ea77ee4ec97ada7440ad5b9dd802814f117872,plantdoc,data/processed/tomato_plantdoc/tomato_leaf_mold/train_Leaf-mold-caused-by-the-fungal-pathogen-Passalore-fulva-in-tomatoes.jpg,tomato_leaf_mold,05e981e7b3a6d1546db83f58a02638a9fee64df6b632679c638bf2d662d9dcfe,,,
plantdoc_37a227e86f42c50be5d6b0718c1407f33edb8f0ee1cf1797aed96a7cc0bfd112,plantdoc,data/processed/tomato_plantdoc/tomato_leaf_mold/train_Leaf-mold-web.jpg,tomato_leaf_mold,d7d560e510e815fceafb25424b100f46f53d04f0b8cab467ceb1eb6dbf41a8e5,,,
plantdoc_27610196bcd0227ef564e2525ea8e4287553e012158c9056ba5dede4a6854528,plantdoc,data/processed/tomato_plantdoc/tomato_leaf_mold/train_Leaf-mold3.jpg,tomato_leaf_mold,d0ef7e5923ac873359afa96e6fd3be82adf34b4b36fa2c8e6ba906be7f7c0297,,,
plantdoc_ddef89de91fb33205ff4d41078a0e33c632b5ea57f0997acc7076c6a0ffe9f56,plantdoc,data/processed/tomato_plantdoc/tomato_leaf_mold/train_OLU13.jpg,tomato_leaf_mold,19d5bd08bc7a2b31cb4cbd5b32182113413fc5e06d415170a403fe20aaf21ae2,,,
plantdoc_5702a08953522b18953ef3962760472e41bc60e4f6cdbef6f3826e047aa1f0a1,plantdoc,data/processed/tomato_plantdoc/tomato_leaf_mold/train_Ormvn.jpg,tomato_leaf_mold,65b3dfb9a37e9ec9701da69b99169e6e1c6bf7273853ad1fe8fd7067cc1c1bec,,,
plantdoc_82fe6c42fbae73abb2f321f24c44f7f28c598a2e39737fadd1214cbaa9c451f4,plantdoc,data/processed/tomato_plantdoc/tomato_leaf_mold/train_P1020365.jpg,tomato_leaf_mold,76b95819dfc707a4d5847b36926d876e377a6f7d0492194c931b118e0700421e,,,
plantdoc_a70503b3af0c1be12f04554b3afd045a6d4a9f6a866138e056a8f7bc43fc1da8,plantdoc,data/processed/tomato_plantdoc/tomato_leaf_mold/train_Problem-2a.jpg,tomato_leaf_mold,3e11b612cf781549d4541901c60df7642316e0a2399fd24329dd5c5b7df50ef2,,,
plantdoc_0c3adc4b28c407d60d794f4da65c1595266634a024f1f917ada9a7e7801c5b43,plantdoc,data/processed/tomato_plantdoc/tomato_leaf_mold/train_Tomato%20greenhouse%20leaf%20edema%20and%20distortion2F.JPG.jpg,tomato_leaf_mold,4969b978aae3acb11df99666a0397b3268a81df85c5205822dd70de91558df0f,,,
plantdoc_39e82384ea073086740a5b3ad9e1d944f4ea23de9014ba09791a5a042320e25f,plantdoc,data/processed/tomato_plantdoc/tomato_leaf_mold/train_Tomato+leaf+mold.jpg,tomato_leaf_mold,046e6b56037bf0dab9b6004db7401a42ef43e5c37982ee858c3d800bc4a04ef0,,,
plantdoc_fde534609a3c64c3a5b2820175afd74e4e577e04fa8067ae0c5b36325f10b1c7,plantdoc,data/processed/tomato_plantdoc/tomato_leaf_mold/train_TomatoLeafMold1-50QUALITY-16lgkq6.jpg,tomato_leaf_mold,396e4351c45aca6db4a6923cfdb793aec400bc69db7c30fdd5b5cfe1ccbbace2,,,
plantdoc_b03bc822fb84cbffa01298e41b5d144c7956e172dcfa2e2503b7c9e571cead5a,plantdoc,data/processed/tomato_plantdoc/tomato_leaf_mold/train_TomatoLeafMold2-50QUALITY-1b89zfs.jpg,tomato_leaf_mold,71548539c9c363a0dd9582560c75f8c68041249717b14227f155084c74d5de69,,,
plantdoc_505f6ced1922ae9a11af68e63640104f5aa672e78b7930779de6d90bafd2732f,plantdoc,data/processed/tomato_plantdoc/tomato_leaf_mold/train_black%20leaf%20mold%20%283%29.JPG?itok=u5TDHCSM.jpg,tomato_leaf_mold,60979ca4de88782d17424fd35b7db021b4f3a15fbdb2e853acd2fff5a2b26fef,,,
plantdoc_43be2f29bef4b309f8457e8e9487575d27e11d44efa76cb59bcff45ef9b55295,plantdoc,data/processed/tomato_plantdoc/tomato_leaf_mold/train_black%20leaf%20mold%20%284%29.JPG?itok=DIIUw9JU.jpg,tomato_leaf_mold,9842b35b7947f1baf3f83dffad190623eee14370e1096da7635bc5025d835eba,,,
plantdoc_a54c120a6e3b4be15c2b59adbce28ef750a6a516eff4d551e3323ee50317f8af,plantdoc,data/processed/tomato_plantdoc/tomato_leaf_mold/train_d-to-tylv-fo005-14496A31BE70553130A.jpg,tomato_leaf_mold,156a6d798e490a5b08de7d7016bd682bd9d1162e2a436a04b626d8c493b29c90,,,
plantdoc_84835f7182ff10d4cadff32eae186195d819e5ecf9325960cdf081cbcc474dc3,plantdoc,data/processed/tomato_plantdoc/tomato_leaf_mold/train_dscf2712.jpg,tomato_leaf_mold,d6267900f5061d5ea4dc59069e7e788a0c79d3ac1b93a8162e031db374538a35,,,
plantdoc_06e06cd8897c3ee1cb4f299b83206ffb2c0d86f9d120f516120df5bbf4931913,plantdoc,data/processed/tomato_plantdoc/tomato_leaf_mold/train_dscn6690.jpg,tomato_leaf_mold,63cca761de835f182d103c06b4b0d3158501fae619956acbd9976078b7f1a06d,,,
plantdoc_9300fdeb739bc521bcb05b9258d27a748581da3319de9da8e60e867e1c476feb,plantdoc,data/processed/tomato_plantdoc/tomato_leaf_mold/train_gray-leaf-spot-300x225.jpg,tomato_leaf_mold,485aa250351c68755783b14c6f12a2360d984f9f887f3f09696cb32043360c82,,,
plantdoc_feab45bfacb1e0df1a596325a48746bec6eecdf7443775939787b99bf1348991,plantdoc,data/processed/tomato_plantdoc/tomato_leaf_mold/train_gray-mold-on-tomato-leaf.jpg,tomato_leaf_mold,3b916951802ac916268ffbb8201605d77d0d4e573adfd4c82bb37ddacc92cde0,,,
plantdoc_38ad99476ddf7fc40b4d7af7a865c44a30fbafe2381f11fc2f95063dc0548138,plantdoc,data/processed/tomato_plantdoc/tomato_leaf_mold/train_grey-mould-botrytis-cinerea-on-bottom-of-a-tomato-leaf-late-in-the-AFRDAN.jpg,tomato_leaf_mold,60c96656e6a67cf1e166cdb1a0ffaa87e564c3dff98121ceebd7f0ae19c219fb,,,
plantdoc_fd014c5e1f530bfbb032a4a3c2d32711b2af876d784e0edfbd952200e8b35416,plantdoc,data/processed/tomato_plantdoc/tomato_leaf_mold/train_image233.jpg,tomato_leaf_mold,d234eb2911afd0e67f9a50437a87c5ee16cf89cf6131aeb134a05e1d14a49b75,,,
plantdoc_8a4ee3a194abe7201a370ce218b6a1a74e644798ea50c15851caa562ab0cda0a,plantdoc,data/processed/tomato_plantdoc/tomato_leaf_mold/train_latest?cb=20100723105221.jpg,tomato_leaf_mold,7d3ed42716ff74a095ae06f4883e7005181da08a413eae0a94aadf4bc0324f6d,,,
plantdoc_5168723fd23866754f9da4f30ee5a5f4fb5aca7e4c5fa40bdbc9d988dd8e299d,plantdoc,data/processed/tomato_plantdoc/tomato_leaf_mold/train_leaf%2Binf%2B800%2B1.jpg,tomato_leaf_mold,68c5d0cd76cbfbcbe44491e3e7212a9399079950ed1df2d729fa4135e83c2f4f,,,
plantdoc_f8a6294e513851a26bc30723f2fcfa288535b3f96202adf6bd9b5ab6135ccf9f,plantdoc,data/processed/tomato_plantdoc/tomato_leaf_mold/train_leaf_mold1.jpg,tomato_leaf_mold,e4a952d57f271d70e30e443a61163df1226eb9351be2846895e7dd2362eb2fbf,,,
plantdoc_a2c60a7b438c14024e825666cb5326e679418e4e1269c83610e54bf60ddb7aa6,plantdoc,data/processed/tomato_plantdoc/tomato_leaf_mold/train_leaf_mold2.jpg,tomato_leaf_mold,ef3ecb5b4fa00ff7bc0490dbaced2372df684d0d4dd452e096bb0dd6983a09bf,,,
plantdoc_7cb67eb21190f6aa0358702251f5039ed97517544ca53d19927bf81c78066fc7,plantdoc,data/processed/tomato_plantdoc/tomato_leaf_mold/train_leaf_mold_nightshade1x500.jpg,tomato_leaf_mold,ac71819475c63357bfffabb92a3079f0babb01557473ecd1b160d4009e831064,,,
plantdoc_bbed055b2b585da53c1c5685b23a1f2cd74bcf45b2daf5f47695f17fadf718ce,plantdoc,data/processed/tomato_plantdoc/tomato_leaf_mold/train_leaf_mold_nightshade2x500.jpg,tomato_leaf_mold,e029b8e06aa4de2d5b8587453303380815b5a297793173e813dd731150c07573,,,
plantdoc_ca9e9d963001db79ed01446e530bf4f7a04ec8b4923f492b0d730fe6753f770d,plantdoc,data/processed/tomato_plantdoc/tomato_leaf_mold/train_leaf_mold_tomato1x1200.jpg,tomato_leaf_mold,e325cdb6f13a021e0387accafe1b2069c8b6042d40b96b549277380bb6b47158,,,
plantdoc_5f045f931b0361ec0c310e11ecd0f339559423811cd8450c310dd3f517038bd5,plantdoc,data/processed/tomato_plantdoc/tomato_leaf_mold/train_leaf_mold_tomato2x1200.jpg,tomato_leaf_mold,3df2275e80d700298762ae93169425a6a5ead07ffc984cd4abe6d81c2c2e6f93,,,
plantdoc_ee0d76d8b528a1e3c061c7f6a044c08f8f31e4a8b38ebca286cb460a7dba7bdd,plantdoc,data/processed/tomato_plantdoc/tomato_leaf_mold/train_leaf_mold_tomato3x1200.jpg,tomato_leaf_mold,228fac94db46b83013f8d06726480691df0c29a16378f3aaf94b3d81aa232830,,,
plantdoc_bf9dcc72a4d962f923cf59310368389d0eab74bb92bba1bd804d99dfb71c9aa5,plantdoc,data/processed/tomato_plantdoc/tomato_leaf_mold/train_leaf_mold_tomato4x1200.jpg,tomato_leaf_mold,a61da56ecb8c4db718f66d972be6cd29341c5c5c0df420b2efa96eaa875fd2ef,,,
plantdoc_7e6529c098416d86c0cffff89a97c97cc39871d772be50498b007e992069484b,plantdoc,data/processed/tomato_plantdoc/tomato_leaf_mold/train_leaf_mold_tomato5x1200.jpg,tomato_leaf_mold,4888387b4021c7b46985345f9a42bcf3c3fea8d3469b45efbda18a92cec15a4e,,,
plantdoc_f9d19d5545f4ee685ab5a73c7887a93afecf84f51a571d527bf60e2fb084893b,plantdoc,data/processed/tomato_plantdoc/tomato_leaf_mold/train_leaf_mold_tomato6x1200.jpg,tomato_leaf_mold,e51e5a11fd5709e81adef5a174dd29c5120764553137df3595109b59883274b0,,,
plantdoc_059cd6aac63db9497f6bb50465c27d514a77b2265f0c8781873bde13508614ee,plantdoc,data/processed/tomato_plantdoc/tomato_leaf_mold/train_leaf_mold_tomato7x1200.jpg,tomato_leaf_mold,f754e55bf878508c8b7a0cb15ef73fa25f70b5568f47f6d4ac0f4ca9b68c328e,,,
plantdoc_e65c8911f9463496562f3d23050ed05da4bc3d1f770f53e3ba2c0646e4942332,plantdoc,data/processed/tomato_plantdoc/tomato_leaf_mold/train_leafmold.jpg,tomato_leaf_mold,680568869db669a93d2385150a20ec4362c0e48fb91fc7258d1e34d87d1890b0,,,
plantdoc_7685828d945ca196a6b50a0ead20adbd91f033ce396d487bd4b9e53b899ab714,plantdoc,data/processed/tomato_plantdoc/tomato_leaf_mold/train_leafmoldtomato1.jpg,tomato_leaf_mold,63eb462cf83384f1ad1fd64765df0b59753e8ccedbc36cacb342a10c8d3df573,,,
plantdoc_df5c392486c3ebe84ac36200ebf77a4de46dab0691b47f72e7f37f7dfdab5716,plantdoc,data/processed/tomato_plantdoc/tomato_leaf_mold/train_leafmoldtomato2.jpg,tomato_leaf_mold,6dbafce15afe0813748b17c8ed900c7145e4fd72ac946cb727252fb817d32e96,,,
plantdoc_48b5a228042d38a119b8de55e064d7b6d4f810cb624255c101cea822228bcb12,plantdoc,data/processed/tomato_plantdoc/tomato_leaf_mold/train_pm3.jpg,tomato_leaf_mold,0cb0ed826c1d1c55835280d84dd79b98bc1204dae214cc9739ea4cb12913eef7,,,
plantdoc_e116f3b07e2d174c7f1bee7205d152e380f4fcaff02855593f25574319da7403,plantdoc,data/processed/tomato_plantdoc/tomato_leaf_mold/train_tdisease12.jpg,tomato_leaf_mold,6ca14f68a6d144096fd42d2017fc68c40cb9732dad5df9eeaf9313b47daa77c9,,,
plantdoc_93f75bec2f0cec34b671df9940aa5f0194a7a139bf61bb0112a417b0168c69b8,plantdoc,data/processed/tomato_plantdoc/tomato_leaf_mold/train_tdisease6.jpg,tomato_leaf_mold,209763d1e11a2e708aaf6abb229be260d24709e120459b22e0945ba312d777e7,,,
plantdoc_e0df914fd863469841bf39a2625430f94bb5071e4ebc8b4482cd53aa8f82b163,plantdoc,data/processed/tomato_plantdoc/tomato_leaf_mold/train_tdisease7.jpg,tomato_leaf_mold,208230d5bb18985e37b1af046bb6c176338c097cd8c6958fb2a1e1bf51e2f6d8,,,
plantdoc_303b6f5f9bbd2d1410472cb939d8a2b9bc31c9c195c8639c039b117097bc843c,plantdoc,data/processed/tomato_plantdoc/tomato_leaf_mold/train_tomato-gray-leaf-spot.jpg,tomato_leaf_mold,e47ce4513a2f26b7ec55004f6f3c275e7795409351678165c08050bba5a7b00b,,,
plantdoc_f37c44b6011cc802689b05cdf998c545940b2dfd1001ba1b0873a012ca4a3117,plantdoc,data/processed/tomato_plantdoc/tomato_leaf_mold/train_tomato-leaf-2.jpg,tomato_leaf_mold,eaf1614e496a4d6c7a7b1a5da9aa3320b01bcf4940acea3615e4267a8177de31,,,
plantdoc_431da518b7f7a65fa7659da5d3525d039e30517e1a056102be38355b9bc20786,plantdoc,data/processed/tomato_plantdoc/tomato_leaf_mold/train_tomato-leaf-mold-2.jpg,tomato_leaf_mold,22e90a7fee61c6f52043700c91743373d30f78141efb37f8840ac6364921fd83,,,
plantdoc_bb4c9ab374f50249a70a0560a27611bb58211787e68aa57bf46c917687861726,plantdoc,data/processed/tomato_plantdoc/tomato_leaf_mold/train_tomato-leaf-mold-infection-on-a-leaf-top-and-underside-picture-id81781575?s=612x612.jpg,tomato_leaf_mold,bbb2ec3496b2433272adb4b62518f2907d2247b1a8d130a056155867c936123b,,,
plantdoc_7c4810f211b31a00b4391cd7b5bb66ad1918910c9a94bc22f60ba84f864111af,plantdoc,data/processed/tomato_plantdoc/tomato_leaf_mold/train_tomato-leaf-mold.jpg,tomato_leaf_mold,18443210d12693afa5a4df7ec6676ff285a863ccac8f63eecc2602bc622ad598,,,
plantdoc_56456e7c2813fde0acce9e1ec749100d551dfbe0b16017bf99e45791deeaa400,plantdoc,data/processed/tomato_plantdoc/tomato_leaf_mold/train_tomato.jpg,tomato_leaf_mold,0871cdc86cefe787daaee094c11c34ac4a00834ac3eaedc36bda17965bda2fad,,,
plantdoc_3263100a13ed9da855f03671fa211837fd05fb39309a4b331ae91f6ebd69882a,plantdoc,data/processed/tomato_plantdoc/tomato_leaf_mold/train_tomato_Leaf-roll-physiological-7059-SLoewen_thm.jpg,tomato_leaf_mold,30c201a5d0f529ad38380d2410d3a31c5729465f6b6da5da8f8313a5ebbd2729,,,
plantdoc_0d0aefa6950067f9efba6528da4fda920f88df71964d5417155f6928a6d56451,plantdoc,data/processed/tomato_plantdoc/tomato_leaf_mold/train_tomato_fulvia.jpg,tomato_leaf_mold,11ecaa35428fa9c1b42bb47d0a8dc1ffcb5db1844982c9be082af5ba93be17a9,,,
plantdoc_663e9cebaf8f17d693ca0bf37b044726d522986b03f16b9206ee4962b694d286,plantdoc,data/processed/tomato_plantdoc/tomato_leaf_mold/train_tomato_fulvia2.jpg,tomato_leaf_mold,cb7d56b2c938e5bdf9f53bac50354d7df86cddfaf1748bb2693e9eed6144afb8,,,
plantdoc_31c06168b258562fb90b5ddacafccaad4ac84e1aac2f3b9b6ab9d15525401e00,plantdoc,data/processed/tomato_plantdoc/tomato_leaf_mold/train_tomato_leaf-mold_01_zoom.jpg,tomato_leaf_mold,02ce34bc701adf2c6d09578075a137632be6ba76e800048d7a26c309947fe0a9,,,
plantdoc_3b40629a0ff08a37160ffb4441a163bb3d659d7811712083a2eca2834e6e8367,plantdoc,data/processed/tomato_plantdoc/tomato_leaf_mold/train_tomato_leaf-mold_02_zoom.jpg,tomato_leaf_mold,fe2e6650a1422bedbc672c152b4671a51f009bc5b98896b804362e01dc2887fd,,,
plantdoc_711ac699d523ccc07219ab4be5aa47e4d670ac77a760668a8ac1b1505267200e,plantdoc,data/processed/tomato_plantdoc/tomato_leaf_mold/train_tomato_leaf-mold_03_zoom.jpg,tomato_leaf_mold,d62b398631f1a94c65861102977640110cf393c473975ffc25528ed81bc493b9,,,
plantdoc_7710cc25a95f4853dc203b7525c8dbaf5e572cdc38a70710f3e99133d263a867,plantdoc,data/processed/tomato_plantdoc/tomato_leaf_mold/train_tomato_leaf-mold_04_zoom.jpg,tomato_leaf_mold,feedc8af904c0c07c72dce57e129b132bcc42b0531baa33ba2e1d05845313cb3,,,
plantdoc_4dab5b00b9d60762b3f7bf8a11c1797a4381c007b78cc3433dacc5972ec6d755,plantdoc,data/processed/tomato_plantdoc/tomato_leaf_mold/train_tomato_plants_1_original.JPG?1407178095.jpg,tomato_leaf_mold,d78bd086224aaca5a9f1862d8496177888cae14ce27dd42b4aaf83a0cfae4794,,,
plantdoc_02b6d81a7b4af849f967d404a06127808f6b71f83a60fcb434de672f9b9bdd8b,plantdoc,data/processed/tomato_plantdoc/tomato_leaf_mold/train_top-leaf-mold-Fulva-fulvea-WN.jpg,tomato_leaf_mold,e67f8333289a4158051a7391f63bf5f57da62a38c4819f446212f0751ee683a3,,,
plantdoc_91cc8317da3bd0f2dc531bef135dfc28ba6c2a925fddff7c414a96c582e05d8c,plantdoc,data/processed/tomato_plantdoc/tomato_leaf_mold/train_tylc.jpg,tomato_leaf_mold,2ddeade403628874b112f319b8f0114863b3e34a89b7582cb648d9b08477fcc8,,,
plantdoc_306449149f74d41bd5a4983a96e35eb4095c15d52498008719a18aaa79f963d4,plantdoc,data/processed/tomato_plantdoc/tomato_leaf_mosaic_virus/test_9511.img.jpg,tomato_leaf_mosaic_virus,114ad00502e682078ccbed196422c3092e017a3d11078ebd439f9825a57e1fa2,,,
plantdoc_b65cca32087d67221e2fae6028839bedd2553071cb4afe81ec52bd9747c338fd,plantdoc,data/processed/tomato_plantdoc/tomato_leaf_mosaic_virus/test_D%29AlfMov.jpg,tomato_leaf_mosaic_virus,1dd06a9e3bd48713bb445a8588d8c38dec7643435e5c8b0652f584ac4eff64c1,,,
plantdoc_63f1d856fe1976f9b83c856c4eff490cbcc6e2c4733d4882007f531ec4c666de,plantdoc,data/processed/tomato_plantdoc/tomato_leaf_mosaic_virus/test_Tomato-Mosaic-1wdr2jx-300x225.jpg,tomato_leaf_mosaic_virus,4e1e9dd3e151f41b1a610024c4ca401a7c052f970723faf8b137edce24102e41,,,
plantdoc_71ebff4ae6e0809e3b25b55e13ba9cdfc99bc84360fae2e9388b33a698fb2fc7,plantdoc,data/processed/tomato_plantdoc/tomato_leaf_mosaic_virus/test_everystockphoto-21099455-l.jpg,tomato_leaf_mosaic_virus,3be8d7001035234d99b56906f4b1d0d0037b22b785396889d3b9ce6eaa7d15cc,,,
plantdoc_dd72fefef176da3f3f28c4f1715428b86cb98f93dff00fcfee9017c476d8f0ba,plantdoc,data/processed/tomato_plantdoc/tomato_leaf_mosaic_virus/test_ill-tomato-of-tomato-mosaic-virus-DBE17N.jpg,tomato_leaf_mosaic_virus,fd47dc830e0dbbd0120d2a6777741dabbd9b4f6f296e31bc063b40568310250d,,,
plantdoc_0c15969ae7ad63d7ab7b031da1655f0fc1b323e05cf4d1976b41cf447cb381d3,plantdoc,data/processed/tomato_plantdoc/tomato_leaf_mosaic_virus/test_page_2.jpg,tomato_leaf_mosaic_virus,995ada04ba135f89218ddc3f17617e59411b63ae5167c25ded94284aeda9d7e8,,,
plantdoc_361febd5fffb1f19e0ae412397fca14b56d4a74d10cfe56a8a517996d7987185,plantdoc,data/processed/tomato_plantdoc/tomato_leaf_mosaic_virus/test_tmv-tomato-34.jpg,tomato_leaf_mosaic_virus,d4ced16a63bfb55865541775dfa1311bc76c6714659af4443d9154297bf41ff0,,,
plantdoc_6792907297d16c42dce71ec5140776f11df32f93338f29730178bfba00cc2af8,plantdoc,data/processed/tomato_plantdoc/tomato_leaf_mosaic_virus/test_tmv-tomato-9.jpg,tomato_leaf_mosaic_virus,c5d7e06ccd83c8b15a0102d343fb9bfecfb36c4cf83acfdf92c2b88c18899f5f,,,
plantdoc_8bce61d63fd463c915ace2d25c68e2e25e76d8b1db33d6b17955daf39f2c3780,plantdoc,data/processed/tomato_plantdoc/tomato_leaf_mosaic_virus/test_toma_TMV.jpg,tomato_leaf_mosaic_virus,6314256efc354bde93065b70bd0044361644e866604b12ecd1cb762307405428,,,
plantdoc_fd5a8c506ab6beea8128507823b6474d6213f64a67d36b6d31742490b1e184b6,plantdoc,data/processed/tomato_plantdoc/tomato_leaf_mosaic_virus/test_tomato_virus_04_zoom.jpg,tomato_leaf_mosaic_virus,300516de60912443a4b013d2588e35bcbab6705561e04ba421eec3a7070f2148,,,
plantdoc_c134d06a1017063e406db58b9b81d4681780b1dea989be28fb4f2e66b9ef4e21,plantdoc,data/processed/tomato_plantdoc/tomato_leaf_mosaic_virus/train_1422_0.jpeg.jpg,tomato_leaf_mosaic_virus,385a96f98a1986ccdac704af3fc0215a26632bd0a0490bf2f2ecc20a17d5ddaa,,,
plantdoc_ef71a3fe5e960019372321e00d6d1b5521f22f8cc1a51860cf3d164aa1ba1de1,plantdoc,data/processed/tomato_plantdoc/tomato_leaf_mosaic_virus/train_3-tomato-mosaic-virus_web.jpg,tomato_leaf_mosaic_virus,0859fe0db82e2eb1ccb6d8caf2fc6ed7030b2771baa2f744490683ea5fd1fdb4,,,
plantdoc_75abf9514cbd4736589f590252db1fd2fb8483de8f22a15ca69f0f0df4efa138,plantdoc,data/processed/tomato_plantdoc/tomato_leaf_mosaic_virus/train_4b0bfd_df5a85f728c74cecbe908a24feadab02.jpg,tomato_leaf_mosaic_virus,bca664400713e0e49d34f9915b0bc860433343d1c532f538496472182a157c71,,,
plantdoc_d4be73c6687537ceb86ddde219234ca4f31558d5b3eec52724bea0c675dfc536,plantdoc,data/processed/tomato_plantdoc/tomato_leaf_mosaic_virus/train_51196-004-61703A1B.jpg,tomato_leaf_mosaic_virus,ef435579510d841b901745acaff97db59f6ef7f145dcc88b53f6e3d7a618f442,,,
plantdoc_e1e29d09f9eac7cb95276dd69b8d845176e9dc072226e5f6cc97303181a1bf3d,plantdoc,data/processed/tomato_plantdoc/tomato_leaf_mosaic_virus/train_5Tomato+Mosaic+Virus.jpg,tomato_leaf_mosaic_virus,c584e26d61f82e9d5afa7772c797d3d494ab4646b543c93297ff7a24f6d9bdbd,,,
plantdoc_2c0a787f5e295fedce13c5a59b31c8ea64199024687b6a7062b94cdcdb8df4f4,plantdoc,data/processed/tomato_plantdoc/tomato_leaf_mosaic_virus/train_DSC02246.JPG.jpg,tomato_leaf_mosaic_virus,127fdff8c60e482ffe68d40d529689dd8da5a02be3e6bd3738820c7752468fb7,,,
plantdoc_83fb5b5923ad2826b41f677ae3ae01aa9e1b39c0c8486a9b91d4ffd4de09f11c,plantdoc,data/processed/tomato_plantdoc/tomato_leaf_mosaic_virus/train_TMV-3.jpg,tomato_leaf_mosaic_virus,290d3c6a123aa77b9ec8564578dbd0a9ce70663fa903c1f550e7c7ed68500d30,,,
plantdoc_caa807bf75ec8ffc74fcca86dcd870a0d1b00a2275a4e7c9b4bd96b9caf035ef,plantdoc,data/processed/tomato_plantdoc/tomato_leaf_mosaic_virus/train_TNRV2.jpg,tomato_leaf_mosaic_virus,0cbec55eb4a499f910b5791f033868e462be24245a02e7e54e474d4f51e69a07,,,
plantdoc_b993c05c27f240a382461cf0df1200817c92f8c76f4aa0ce64321350450235d7,plantdoc,data/processed/tomato_plantdoc/tomato_leaf_mosaic_virus/train_Tomato%2Bmosaic%2Bvirus.jpg,tomato_leaf_mosaic_virus,b37ec98ff05367c2a163ddd34b7d9d19bf6150f4b309810a50cfc09ca25c3970,,,
plantdoc_8bd928c55da028bda90258f5a27d3abaf312ae05781d24f7b2e3297335710e57,plantdoc,data/processed/tomato_plantdoc/tomato_leaf_mosaic_virus/train_Tomato+mosaic+virus.jpg,tomato_leaf_mosaic_virus,ecf4813279856da6139d466fca3a00a792df7a0657324fe078e7d58ec5b2c8c6,,,
plantdoc_2793309230a1df282e6275534d1b4815ec862450302eaf9ceb1d17466fc0862e,plantdoc,data/processed/tomato_plantdoc/tomato_leaf_mosaic_virus/train_Tomato-brown-rugose-fruit-virus-ToBRFV-infected-tomato-Solanum-lycopersicum-plants_Q320.jpg,tomato_leaf_mosaic_virus,c092b2591bd11975a88dca500806f115918d50d60169ca949ce1f64bd4c35aa0,,,
plantdoc_b191be7cd6326ad5bd8e30c4d7f765d0b17561ba93b6290d42b186fdea401677,plantdoc,data/processed/tomato_plantdoc/tomato_leaf_mosaic_virus/train_ab40cce958c60d8b6e0ec2e4fdb8f526.jpg,tomato_leaf_mosaic_virus,1a1cf0be9bdeae64a59ba65d0a08890633030342a9dff6603166a8de9445ae88,,,
plantdoc_278820961b5925f6cb46dc03d466df46d3ab8a393ee6622a961b0b3268b0aa0d,plantdoc,data/processed/tomato_plantdoc/tomato_leaf_mosaic_virus/train_d41c86a650e49b8066d6b347d8e9d3ad.jpg,tomato_leaf_mosaic_virus,987317e1cef2c7563cb158f08bc271f2800b3bea6013a094cafcdc1088342c75,,,
plantdoc_d1ecc6fcd0c3fc29aea7191c944cf20efd695f7f97bff4d9341119d387c610cc,plantdoc,data/processed/tomato_plantdoc/tomato_leaf_mosaic_virus/train_dahliaviralsymptoms2lowresjpg.jpg,tomato_leaf_mosaic_virus,daef774b7c3f8632b47b5740e00051fb9a28066bb934307c82d930e047d1e358,,,
plantdoc_75e445092330e30667b239607996d48e3d7bb307e9f31d526245c12456d468f9,plantdoc,data/processed/tomato_plantdoc/tomato_leaf_mosaic_virus/train_dummen-tmv.jpg,tomato_leaf_mosaic_virus,ceb08f12a2d062e81d23507a632a1fd63b67410100390310c3879cb641f37304,,,
plantdoc_6075fab8365b439ec64de76e667a7425902f4ca6dd2d5ba84f707a2dafdafe94,plantdoc,data/processed/tomato_plantdoc/tomato_leaf_mosaic_virus/train_fig1-2k11-163-165.jpg,tomato_leaf_mosaic_virus,7882f74fc0969d1d52c78d92b2600cb016c5e8861b83fbf372f620d4397fc5a5,,,
plantdoc_cc03843e538e04168b0d42666f1c16e9293e08b799ed7c0ed59edcc1776b10a8,plantdoc,data/processed/tomato_plantdoc/tomato_leaf_mosaic_virus/train_fig2-2k11-1-12.jpg,tomato_leaf_mosaic_virus,badccfa1a3aca75d7098c43d45c894895060eaab65dbed25e2575afccf062e89,,,
plantdoc_c1e0fe8594b37924a64ddf647a601e9ddf2e287d81206ed230ca20d6f861cf95,plantdoc,data/processed/tomato_plantdoc/tomato_leaf_mosaic_virus/train_image018.jpg,tomato_leaf_mosaic_virus,3b3183d447bcf9427d4ac8d2ef36ab2e3c441c10b7cbf86f55a5a61c133dc4a6,,,
plantdoc_ff3ca184f5d870ce1dd070cf1a15f431e8851045e40919acc468e8adb2ed4acf,plantdoc,data/processed/tomato_plantdoc/tomato_leaf_mosaic_virus/train_image022.jpg,tomato_leaf_mosaic_virus,1e1eaac19252fc29b868ce89c2808b5eeb962e14327b3fee3c351657ed06f115,,,
plantdoc_c87365e7a46a1d1ba164bd7eb59b66c6960c9be78b2673f30212090455ace4ba,plantdoc,data/processed/tomato_plantdoc/tomato_leaf_mosaic_virus/train_image024.jpg,tomato_leaf_mosaic_virus,e7f67c86efd4d32885e40f88f8b087c44ba68930937b56b0c965b861c5c7d896,,,
plantdoc_a41694b2051889c6e4e1f9865ccdbb7a25cddd82fba822dd4501daddbdf9eb72,plantdoc,data/processed/tomato_plantdoc/tomato_leaf_mosaic_virus/train_mosaic-virus-foliage.jpg,tomato_leaf_mosaic_virus,fb579582240fce42338f4de48b6c73df73f190909d648af0a401ede993c5f3d9,,,
plantdoc_35e2a527808561354616db4a3cf4ed8952319cd9151af8ec33754ae3ef7c96f6,plantdoc,data/processed/tomato_plantdoc/tomato_leaf_mosaic_virus/train_mosaic_virus_tomato.jpg,tomato_leaf_mosaic_virus,523c300d0340891e11ff4df32404c9e4cd0fdc915ba4fdcaba544afd36165648,,,
plantdoc_cfe6adaafdc007bf52093059581ee0d03c2c89e56b8d0ea4718ac2c3766110d2,plantdoc,data/processed/tomato_plantdoc/tomato_leaf_mosaic_virus/train_mosaic_virus_tomato_small.jpg,tomato_leaf_mosaic_virus,35f9d381bd7fb68db5d980c203413779367a939a9c69888076efbaea8e872fd3,,,
plantdoc_9fb1133c904ee1a2e84d0b6d5a56dd11ff180a8adccd6445677c0e73dffe3cda,plantdoc,data/processed/tomato_plantdoc/tomato_leaf_mosaic_virus/train_mosiac-virus3.jpg,tomato_leaf_mosaic_virus,5f4d0e00d88da37a7a97c55b885dc80b6eb7a87ad2993f24e488984111e8a2e5,,,
plantdoc_cf0e539026c0e085d28c559207527216abbb0e136e0bdde9c2abbe573693f0a9,plantdoc,data/processed/tomato_plantdoc/tomato_leaf_mosaic_virus/train_stock-photo-tomato-mosaic-virus-disease-on-tomato-559799668.jpg,tomato_leaf_mosaic_virus,8e644164293e7c32e8cb270c2d517d0988f3851f2ca4bfc7bad3d73745148960,,,
plantdoc_a4129098604c953871cdd2af4da8beff11deaab8e9cfde9de5a26f2b2c085f3b,plantdoc,data/processed/tomato_plantdoc/tomato_leaf_mosaic_virus/train_thumb-500.jpg,tomato_leaf_mosaic_virus,253abd1f7b183baeeeb79cf76672b2be334a30d50b82aa6bcfcb79375b8e2fdb,,,
plantdoc_5dd4bb68171e1428ec6b9f71e06d8ef471280960eb9a6a4da7e02e489b1e74e0,plantdoc,data/processed/tomato_plantdoc/tomato_leaf_mosaic_virus/train_tmv-tomato-16.jpg,tomato_leaf_mosaic_virus,84bf9933d581cd350fa433fec46cf554d28bd0e7b5971c22db912d93a8a42dfa,,,
plantdoc_65353684a7300dcd7adb69192c8c374af3c81c1037b6d024606ef2b2b0fb55f8,plantdoc,data/processed/tomato_plantdoc/tomato_leaf_mosaic_virus/train_tomato-fern-leaf-a-symptom-of-tmv-cmv-or-pepmv-virus-on-tomato-plants-h6ey8w.jpg,tomato_leaf_mosaic_virus,963b5bdd274ff1e7eac1266c22c1c9fcc0206b5e1363c13e4513655b0c5c27a3,,,
plantdoc_00bf5895646a9270cf2c593cc6cff70543f9dd709822015338cc56d98faa92f9,plantdoc,data/processed/tomato_plantdoc/tomato_leaf_mosaic_virus/train_tomato-leaf-herbicide-damage.jpg,tomato_leaf_mosaic_virus,5cbc915291c7946a498f59556998d9920505ac61d6be54136c7a405e8a90d755,,,
plantdoc_ee5420f85e469d2f016a21f75ddf0bd9298cef27d8e58aef275f2216dc595b58,plantdoc,data/processed/tomato_plantdoc/tomato_leaf_mosaic_virus/train_tomato-leaves-260nw-670831669.jpg,tomato_leaf_mosaic_virus,16f38c97aeccda79951590d8a1ecd4efe5e4ba07f5e21b51349cdcc814598250,,,
plantdoc_70d7f0daa1c65edd264f0f3c8eeefb7b2011df356ce7fa75dbf5bf3e1cd009e2,plantdoc,data/processed/tomato_plantdoc/tomato_leaf_mosaic_virus/train_tomato-mosaic-virus-1.jpg,tomato_leaf_mosaic_virus,ced9a9a45f8c00063d3c8d62b1bd406d2fc4adc8638f087ebfa48d15c8a1963d,,,
plantdoc_ff3b786f8ea3b73e5b2ef83d935950f25ac762d958b815d6986e38b8586ad598,plantdoc,data/processed/tomato_plantdoc/tomato_leaf_mosaic_virus/train_tomato-mosaic-virus-F0BA26.jpg,tomato_leaf_mosaic_virus,8376860b7120200152fe6e8733b202ed6c2f585b9561a0222045044883270b6a,,,
plantdoc_4dd3f9c790842677f37d74a1ddaa734eb5deeebd035a007abe07de98ed34f620,plantdoc,data/processed/tomato_plantdoc/tomato_leaf_mosaic_virus/train_tomato-mosaic-virus-disease-on-260nw-559799638.jpg,tomato_leaf_mosaic_virus,60a14312d287d8547d2107ba4002cd898938cf506bb49d6b8e144dc1db6d737b,,,
plantdoc_3236eb55d102e98b599b81ea639309edf93268815cfdb9612f152f837f1506bf,plantdoc,data/processed/tomato_plantdoc/tomato_leaf_mosaic_virus/train_tomato-mosaic-virus-disease-on-260nw-625499771.jpg,tomato_leaf_mosaic_virus,46eb40c4f332e830bc8d159774b2b34984313b084889b0a032c6c71582edf14e,,,
plantdoc_32c4dd29bd1935e0b96cc0d09c1200955e8af5fc89ce516de46e5c41e5f2e3e8,plantdoc,data/processed/tomato_plantdoc/tomato_leaf_mosaic_virus/train_tomato-mosaic-virus-disease-on-260nw-625499777.jpg,tomato_leaf_mosaic_virus,77d5e7560f62bab2bc5702aa76407013d9b6abd927a560d69c99055da25ec3d5,,,
plantdoc_58386e9a375320e22cdf67b6338e75e1d4226c3e4eba93d209fcb2d5f8a21f4f,plantdoc,data/processed/tomato_plantdoc/tomato_leaf_mosaic_virus/train_tomato-mosaic-virus-disease-on-260nw-625499780.jpg,tomato_leaf_mosaic_virus,fa65fac0427a9ab7e5a7b3765c2dd44c10b2557799dcdf10ab7af244b6cd9e8e,,,
plantdoc_cbafb29b0b2aceb5e282eeb1777fe6c0b97a0b77f64689d6fab323aaebe4a112,plantdoc,data/processed/tomato_plantdoc/tomato_leaf_mosaic_virus/train_tomato-mosaic-virus-leaf.jpg,tomato_leaf_mosaic_virus,daff886c16c22489d7fc21cf10a62eec5dd06d41b68eb1426449a77307b11ab4,,,
plantdoc_338dd4ca525e65061e05c4045af231300f96bbcc0d817c090f5195d38dad725c,plantdoc,data/processed/tomato_plantdoc/tomato_leaf_mosaic_virus/train_tomato-mosaic-virus.jpg,tomato_leaf_mosaic_virus,b2916e4342627b04c40f4d4bb45516b9e31a698b7c9f31985865a99b56d2bf65,,,
plantdoc_44e0b1d2a34d48a15e33bcc7b7ff9a9c55a35688a1030050156b1ef3bfffb3c0,plantdoc,data/processed/tomato_plantdoc/tomato_leaf_mosaic_virus/train_tomato_leaf_curl_ND_on_luffah_KC3701030-3.jpg,tomato_leaf_mosaic_virus,06abb18e0d50ff3033bfad357f0ba2ddee85f27f0f40127c5ff9a2a19ed352b4,,,
plantdoc_8e37a4b019392d0435f3aa6e74d9707a1f9a03524918560876acfbb8f237965e,plantdoc,data/processed/tomato_plantdoc/tomato_leaf_mosaic_virus/train_tomato_mosaic_virus.jpg,tomato_leaf_mosaic_virus,71a136af75b0219869cc396ef374f28c8ff0fc136d15d5e715342e2484d22f45,,,
plantdoc_14b63581d3d7df16666d77ecae15274b6a3fff6da485ffad48779bd341b2ad22,plantdoc,data/processed/tomato_plantdoc/tomato_leaf_mosaic_virus/train_tomato_virus_01_zoom.jpg,tomato_leaf_mosaic_virus,b8c5d419d9e6fbd49c133a51067dfb0db643dc331dd65656ac6f209d3edf2fa0,,,
plantdoc_9d2f8f2e26d4f4b7912f85eac6e703061a3605c16af4a61a9bb5540c08990822,plantdoc,data/processed/tomato_plantdoc/tomato_leaf_mosaic_virus/train_tomato_virus_06_zoom.jpg,tomato_leaf_mosaic_virus,91dba347002d8cc2f70f1453543ddd43f8c38abd8580e1b8a3141c57e501f50d,,,
plantdoc_ad22a6b9d40168707c1665d1e850508ab9043b364b0f603fdc4132d4847f9ae1,plantdoc,data/processed/tomato_plantdoc/tomato_leaf_mosaic_virus/train_tomatodisease001sm.jpg,tomato_leaf_mosaic_virus,1b60589d77d5417f318a56edd9e9c32f0396031fe760dab43837722543a69306,,,
plantdoc_befe28568230f9c682aa76d077c7a4f330a14601160ae3ce3d0e57018f0d8b2f,plantdoc,data/processed/tomato_plantdoc/tomato_leaf_mosaic_virus/train_wd0phb4.jpg,tomato_leaf_mosaic_virus,14780c43b71f96ca81aa2c9c2bddca1fd23aac9e57a95e30a2948d1c8ae3ccc2,,,
plantdoc_8585b315778c97d8ac781f85d6dbafe13aa0e0859379151e29aecb9ad496c651,plantdoc,data/processed/tomato_plantdoc/tomato_leaf_two_spotted_spider_mites/train_SpotSpeckBlightMite-1l4v879.jpg,tomato_leaf_two_spotted_spider_mites,7a39980b4f6448958db22a28da7b409e74834a820592f7302b5547703ab61578,,,
plantdoc_79ddb0dc0da55c4f27784f097731f724af3052d8ca74ff397608face2cae8878,plantdoc,data/processed/tomato_plantdoc/tomato_leaf_two_spotted_spider_mites/train_comparing-diseases-4-canker-tomato-1y51ejs.jpg,tomato_leaf_two_spotted_spider_mites,2c59025109d5e9a2cfba879cfde943fa3d238a4dbaf2e44763b986d6bef5c22d,,,
plantdoc_fee6a278a025d30db1ddd51cf09ebe9812b25cb74095dcfcb31e611ad8031c0a,plantdoc,data/processed/tomato_plantdoc/tomato_leaf_yellow_virus/test_11-40580_5.jpg,tomato_leaf_yellow_virus,1f62f0f3eabfd7d955f212d852f4143e8f0bb49077e9350f641696749f595d01,,,
plantdoc_d0ef7cd0177794dee35eb42d34d1134368231280b3056a2206fc0cacb7856d36,plantdoc,data/processed/tomato_plantdoc/tomato_leaf_yellow_virus/test_17fc47.jpg,tomato_leaf_yellow_virus,e75892c6833fde9fddcf03d8d0529863c2827c91f971ac18b92d8dc2546a769d,,,
plantdoc_c24d85563dfaa86920dbe34b2e715303630b8abce29c7f496e73076f374b0396,plantdoc,data/processed/tomato_plantdoc/tomato_leaf_yellow_virus/test_8226402877_9abf151b5b_b.jpg,tomato_leaf_yellow_virus,3f9a9d33fdcdd8e091a878416ddf9360148a7c9b7a28293339c83402b480b1e0,,,
plantdoc_4230ef79e5ccf1f1804181d2ef45ecda188977b1e9b901bd1a7b9f64b3d08a3b,plantdoc,data/processed/tomato_plantdoc/tomato_leaf_yellow_virus/test_fwa2013313115151.jpg,tomato_leaf_yellow_virus,9ac4376dfcbf51d037888a2183aa8984cf60ec0227fe82dcdd7b49275df6d38a,,,
plantdoc_72b529abf2b65359b546c2bbfa6a5b7fb96642062e40ca2e7a460f9e45202d90,plantdoc,data/processed/tomato_plantdoc/tomato_leaf_yellow_virus/test_glyphosate.jpg,tomato_leaf_yellow_virus,fa18a5b4f6d307b52db63d16e7fa0cdcda2804c4316631273df9470819dac16f,,,
plantdoc_921f87b4ee14292de187c4f8d25647b5aa0dbb5577a89748d603b3f294e304a6,plantdoc,data/processed/tomato_plantdoc/tomato_leaf_yellow_virus/test_tylcv-seminar-1-638.jpg,tomato_leaf_yellow_virus,3c52144e19e95cc3d4170407eaf729d0981b934615eaa183f7f5aa29d8ef265a,,,dup_sha256_3c52144e19e95cc3d4170407eaf729d0981b934615eaa183f7f5aa29d8ef265a
plantdoc_303bf038291c5e5f44e85d2f7ecc8db5357a240e34228610bbf9b6c5e20b7d7d,plantdoc,data/processed/tomato_plantdoc/tomato_leaf_yellow_virus/train_072.jpg,tomato_leaf_yellow_virus,d5a29a3d4e5b408497112e580fe4744fe6ac635a74b5443c972f74096c051530,,,
plantdoc_c08c554883cc730a879567f71de76fd5dcd698f8ec8d35ce2e499ca7480e48d7,plantdoc,data/processed/tomato_plantdoc/tomato_leaf_yellow_virus/train_1342017-162221-44540.jpg,tomato_leaf_yellow_virus,b740cb9aa39a521b544c25b581c6c6f9f4a70f4467511e739920b262c17a4e68,,,
plantdoc_f32ad9a08e7b4779bdf8e556c2dcbdd4fdaccb5efc7fdeb6605f5b752cf9ae73,plantdoc,data/processed/tomato_plantdoc/tomato_leaf_yellow_virus/train_14456.img.jpg,tomato_leaf_yellow_virus,d675744c6427a1801410f790e6f340d06c6aac9b8d676193fdcb28b57759dcb1,,,
plantdoc_de6c5df09bfbfd4b556af1565adaa45c572bcfc76b7a0e1c6cf00e6224453195,plantdoc,data/processed/tomato_plantdoc/tomato_leaf_yellow_virus/train_18071.img.jpg,tomato_leaf_yellow_virus,8916a647f4ea7442da7bc43d260becd42ba28f05ae153aa49b382a2e2aa94275,,,
plantdoc_3d8e4b333c21a6d473202032dca70a50e65f7ed1281db742a9b7e6eac5481da0,plantdoc,data/processed/tomato_plantdoc/tomato_leaf_yellow_virus/train_2.--Virused-tomato-leaves-versus.jpg,tomato_leaf_yellow_virus,7d74f2687d0bf3ca63e83dba705833a960a1f5ffccc669afaef72939cc1b3d1e,,,
plantdoc_158835fec5cef1f48477b1f16b7c770d9224851619d6c0eecb1b04eb7ae4a10e,plantdoc,data/processed/tomato_plantdoc/tomato_leaf_yellow_virus/train_28619919393_7ef44acccc_b.jpg,tomato_leaf_yellow_virus,655f79d06c2708fe51e02c7bc27647d3dacdc711a1436d7e76593cfa9a8c726f,,,
plantdoc_ff2ac610c2d2e6092b9b7a3d1c5d2c482c6418826a3f0ab32d2a09d5b05a9a11,plantdoc,data/processed/tomato_plantdoc/tomato_leaf_yellow_virus/train_29994445671_b6914b44d0_b.jpg,tomato_leaf_yellow_virus,aa37cb4e626c9ca86054d4e701cf588a78134526a285817f454af57a8de158c9,,,
plantdoc_f67f10c4bc8f59d0baa2894ed47068ad5604383b32da963d2841575a402695d6,plantdoc,data/processed/tomato_plantdoc/tomato_leaf_yellow_virus/train_36ca1410e232eec4a8003fe411246820.jpg,tomato_leaf_yellow_virus,8801389d787f9ddd62006e6f4d874f085f0fe5cb6a1ece4ed5ebb159c4df5865,,,
plantdoc_9f32070c262003602c5a416f5e86b1b7c0d0a7c5435653c43c66ce19731c574f,plantdoc,data/processed/tomato_plantdoc/tomato_leaf_yellow_virus/train_5146.jpg,tomato_leaf_yellow_virus,a106294e08939b033e64d93478f3da91dbd67c8f2d04952fcf92c15b04d734b8,,,
plantdoc_f6d567d42ddd78d3b125cdd826f50cc35c92f2b8081a059a92f6c39ef471fa77,plantdoc,data/processed/tomato_plantdoc/tomato_leaf_yellow_virus/train_534ddf3a932e62dd929a3ac1b29bfa29.jpg,tomato_leaf_yellow_virus,44334af721ac01e60cf42e1e0c83a047d25b63ce22bb8596b2af39da54ed6a89,,,
plantdoc_a003b764797f9914fef45408e1577c7836d17636443e17214ae1195c7ca5f7a6,plantdoc,data/processed/tomato_plantdoc/tomato_leaf_yellow_virus/train_7585001780_4b89e826b7.jpg,tomato_leaf_yellow_virus,30a64ad565fe10d2a6762e744cd91ac80ef0f256f12d1b94f18c341ab18e5d0b,,,
plantdoc_ba5e811d77c250708ad4799ce6e8e3d7f8dd1b3024d6c0bb82e7638850bfc883,plantdoc,"data/processed/tomato_plantdoc/tomato_leaf_yellow_virus/train_8.--Virus-Damaged-foliage-at-top-versus-healthy,-non-infected-bottom-foliage.jpg",tomato_leaf_yellow_virus,994c9b80e8b4aad0e4a61c92e1bfafe3665aeafdf6eca2a30b539838fb743375,,,
plantdoc_a32ecc3c9484b589966c8d8b4d64bfc6bca3755198938a99c68e41637613a04c,plantdoc,data/processed/tomato_plantdoc/tomato_leaf_yellow_virus/train_8226402609_62d16884a7_b.jpg,tomato_leaf_yellow_virus,b05941ce07170840059f1515cda11131afc18a5d4f74a6281ad2c2fdc5a7801b,,,
plantdoc_342e8c2052479cb43e4e0b7b5610dc9cd9fb2c98d0f679d322c7eb245c521563,plantdoc,data/processed/tomato_plantdoc/tomato_leaf_yellow_virus/train_8227475116_0d40e8f21c_b.jpg,tomato_leaf_yellow_virus,fdb84aa6b584ecf65151e1682a0c6c2cee2fefb257851b21d43bb5550011bde8,,,
plantdoc_ab9fe3fd2dbeeb53d41158f01ffde32527edbf74fb56754496a17289eb591768,plantdoc,data/processed/tomato_plantdoc/tomato_leaf_yellow_virus/train_8e60bae9f613f360403943f108a03083.jpg,tomato_leaf_yellow_virus,8367836a69149f8938b85c84576f435ffd2866689aa9dc3bb95d9bcc62a31268,,,
plantdoc_54c45a11e8df75b9beedd17e177131261187c8dcae02191968c30bfc48e94af4,plantdoc,data/processed/tomato_plantdoc/tomato_leaf_yellow_virus/train_DSC01999.JPG.jpg,tomato_leaf_yellow_virus,a44a1569b55e43cbeae94729f9f3cc4281916ea8d0ddeb8834715718376ed53a,,,
plantdoc_24ea7571b12d320326de7b5f17b8cf63a0c808f1aa742dc84fef3ac708fdcd7d,plantdoc,data/processed/tomato_plantdoc/tomato_leaf_yellow_virus/train_DSC02006.JPG.jpg,tomato_leaf_yellow_virus,99df382ea02636b7210ee1b6b65ee5974958922ac48c5b784f16ac6464cec71a,,,
plantdoc_05f59cd292aded8b3091c368e5aa04716374e731be5c37111bdf337a7601ab7c,plantdoc,data/processed/tomato_plantdoc/tomato_leaf_yellow_virus/train_DSC02007.JPG.jpg,tomato_leaf_yellow_virus,03d6b16ddcf13050eca9c1cac9f66b030893c8a29cf72f299498975ec507e6a0,,,
plantdoc_87a1a6b8beaeed9483043eff224d59e6434657b25209ad4aa3696c438e92d6f6,plantdoc,data/processed/tomato_plantdoc/tomato_leaf_yellow_virus/train_DSC_3019_320x209.jpg,tomato_leaf_yellow_virus,75ec9c9314a07b7610675ec4c8f16fc2d0c37370cee51db16e6856fd9af159fb,,,
plantdoc_083a3ae409e34133e2ee3373c75940b6e0da9df6680f10cdcb9fef31e7b201e3,plantdoc,data/processed/tomato_plantdoc/tomato_leaf_yellow_virus/train_Figure-4.jpg,tomato_leaf_yellow_virus,016a221f4a8625c858da4b081b4a6e9887c1b31e5e361d204ad0f7b12a785ffb,,,
plantdoc_ba0f32bb2d9121c9c93eb7eb1f31949bc9c626ebf0e4b488d875f99743b584a7,plantdoc,data/processed/tomato_plantdoc/tomato_leaf_yellow_virus/train_IMG_2684.JPG.jpg,tomato_leaf_yellow_virus,f6ae6dee46b5c47dc3eaaf472ec2b6dd00d6d8083c5e854afae707c345b6e854,,,
plantdoc_56421d098f5152631a37c7701c43c740af5f1511d2fcf612b61bf85ee8b86723,plantdoc,data/processed/tomato_plantdoc/tomato_leaf_yellow_virus/train_IMG_2686.JPG.jpg,tomato_leaf_yellow_virus,11888b0057ec6cc2857385883a5e479d70e6e61f0f88b9d8e66a8a15e44169bf,,,
plantdoc_c826a1277ec86e16ac12e4e39b155936e3579d74747d54f966a6f5bf2e314aad,plantdoc,data/processed/tomato_plantdoc/tomato_leaf_yellow_virus/train_IMG_2687.JPG.jpg,tomato_leaf_yellow_virus,9edbc0c343fc0c0a21f1d0e3afea684a3e63cdd3958ba0ba5ce2f05ddd002219,,,
plantdoc_693c16fe24e59206c53e0922870529b7cb1fd52865f453eed5a3ae64b50f09d8,plantdoc,data/processed/tomato_plantdoc/tomato_leaf_yellow_virus/train_IU-TYLCV_img_6.jpg,tomato_leaf_yellow_virus,958fb18f4704decf96ffcdb740b3376f6852ca160d8b5cb0a62c46e443e22a6d,,,
plantdoc_82e85443f867a268636896a05c47815238a4a4391877b6f27060354a06e6f8d3,plantdoc,data/processed/tomato_plantdoc/tomato_leaf_yellow_virus/train_IU-TYLCV_img_8.jpg,tomato_leaf_yellow_virus,10e985c34d898cb65e3086d9a06804591190684f9da4bf0568315d1689aa5019,,,
plantdoc_720688f1986756a6c88f500056bc7ac090097d66917cb11e884b4407c64627b5,plantdoc,data/processed/tomato_plantdoc/tomato_leaf_yellow_virus/train_TYLCV-tomate-DB-441-170.jpg,tomato_leaf_yellow_virus,6e0953f98c871f098ad1828bc200f33d1afde027bcd5d6a0c25449f08bae6c58,,,
plantdoc_e3ff776513c00bc5ae08e57a4c771dee34620f255c138ba19309de500ece14e7,plantdoc,data/processed/tomato_plantdoc/tomato_leaf_yellow_virus/train_TYLCV-tomate-DB-442-167.jpg,tomato_leaf_yellow_virus,51d8c2172f40b0a612f688ff03363c7250040c329a00ae6ce2674e85286dd43c,,,
plantdoc_ed583a4b9ba147adbd1220bb6e1bf09e6236f5369b7427af181c6d38c01f28a4,plantdoc,data/processed/tomato_plantdoc/tomato_leaf_yellow_virus/train_TYLCV-tomate-DB-445-171.jpg,tomato_leaf_yellow_virus,e542b62498c57a17612600587c77eefdfb072a80561f79fedb48b5899fd35365,,,
plantdoc_f3919a6c037c18a2be97e49fbe2331a2972e3b257970eab925b16478ff60b152,plantdoc,data/processed/tomato_plantdoc/tomato_leaf_yellow_virus/train_TYLCV1.jpg,tomato_leaf_yellow_virus,e6a64e04b9a21cb6765c15bdb7dc122b4521e3d24ed004c6a2307e40c836a0ad,,,
plantdoc_082534b7d82c5091d11ab30d8de6567d201c9985fd2131156594715fdba32c97,plantdoc,data/processed/tomato_plantdoc/tomato_leaf_yellow_virus/train_TYLCV2.jpg,tomato_leaf_yellow_virus,9f2147ccce07965ae1a994545740f8b728845bcf1a1c69fbd5bbbfebfde47e8e,,,
plantdoc_450757913b67fe83448fad6ad1aaff7a7db9058f109dc6ebec7d0e9437ae64c5,plantdoc,data/processed/tomato_plantdoc/tomato_leaf_yellow_virus/train_TYLCV4.jpg,tomato_leaf_yellow_virus,2004585c72eecfff767542e7626752da17c2739fe4aaa1b9b125f6dfd8e52928,,,
plantdoc_cba2edcd5a35aadc4df9780911b4fe79d2723dff5518205ddac0ed86c6ab79db,plantdoc,data/processed/tomato_plantdoc/tomato_leaf_yellow_virus/train_TYLCVDFerrinlr.jpg,tomato_leaf_yellow_virus,810149d0e1363f92d855bdd95054d9eb62be06f79bfa6aa07c65710139dcb55d,,,
plantdoc_3f17b66b0e8b980788dcf17e513a19f3f5479e157e2a3a7a8845163b4d093cf5,plantdoc,data/processed/tomato_plantdoc/tomato_leaf_yellow_virus/train_Tomato2.jpg,tomato_leaf_yellow_virus,b84c3a3d7e85450f1a10d9c3c0b0124a1dff13649d472d3717b99616ef249152,,,
plantdoc_a7a2d689f5e6278c31b58333c10589957a5e8ad36d398ff0516161e6af481ceb,plantdoc,data/processed/tomato_plantdoc/tomato_leaf_yellow_virus/train_art_15017325188173_a24a66.jpg,tomato_leaf_yellow_virus,526b9ad2d2185d29e43c923c53dc91aa67ebbf7a71f80033a3393f6089e73d06,,,
plantdoc_b4cfe726ef937d2f599a4d0a5e9d33ec19cf601f91318fa2ba5a71490c771101,plantdoc,data/processed/tomato_plantdoc/tomato_leaf_yellow_virus/train_dscn1652cropped.jpg,tomato_leaf_yellow_virus,609f895a483119f7c04b33456fc2c190f107a5dd179076250703c7b43a94f8b3,,,
plantdoc_c3f33fe9c842278206394a2e6c1b3e4b39a7efbfac5d05367e876b04acee689f,plantdoc,data/processed/tomato_plantdoc/tomato_leaf_yellow_virus/train_illustration-thematique-urbino-fig5.plante%20tylcv.jpg,tomato_leaf_yellow_virus,f77005b5006c45c3c27b3138953863da51b407f4bf45536fe67aecadcece2d96,,,
plantdoc_da74a423edd17e546a346ab3738f2afa3a197b125dfe5b9ccae770211c3f5283,plantdoc,data/processed/tomato_plantdoc/tomato_leaf_yellow_virus/train_latest?cb=20100719124603.jpg,tomato_leaf_yellow_virus,2992b5bd1a6b448a617f3450ffb27320dc5e2c3f4e0c40b820aed9f98d82e6aa,,,
plantdoc_37539f9899a9e5fa66b344c0365ca362011e94882f9f9be08c1ecc1543095258,plantdoc,data/processed/tomato_plantdoc/tomato_leaf_yellow_virus/train_leaf%20curl_3.jpg,tomato_leaf_yellow_virus,39f8901f64df7fed1080ef1a031da617ba81c5cfe263fb6046e78f1b283b9cc5,,,
plantdoc_3506877cbe9bdd643931189f881be818c94fe96a2aaf6214a4a025121009aa6e,plantdoc,data/processed/tomato_plantdoc/tomato_leaf_yellow_virus/train_leaves-curling-on-tomato-plant-characteristic-symptoms-tomato-plants-leaves-curling-down-on-tomato-plant.jpg,tomato_leaf_yellow_virus,91f3a1be11bc09543882acf350eab3b306d3c4143e8b04eba31b96b5bc826b64,,,
plantdoc_0b15422a189e02a6debf3b0ddc967b3255ae805e6cd31596380f21f1c2bfc271,plantdoc,data/processed/tomato_plantdoc/tomato_leaf_yellow_virus/train_leaves-on-tomato-plant-turning-yellow-what-does-it-mean-when-your-plant-leaves-turn-yellow-tomato-leaf-problems-a-guide-to-leaves-tomato-plant-turning-yellow.jpg,tomato_leaf_yellow_virus,d199da4ee70fcc8513d84bde894c739a17876ed15a123934ea5fe3b4e4348e78,,,
plantdoc_8ff2783a97f3bdecd051eea18d2e5922ab3ac3004aa9bffdbd01e3556e52c41e,plantdoc,data/processed/tomato_plantdoc/tomato_leaf_yellow_virus/train_psyllid-yellows.jpg,tomato_leaf_yellow_virus,707631d95ce631b52399019c4c20dad88f602c860135eb85e393d8bef17c106a,,,
plantdoc_4d4cb8391b77191a5ea9c41971e0d032727454d41c6fda55408c5e11c9dd96a3,plantdoc,data/processed/tomato_plantdoc/tomato_leaf_yellow_virus/train_r_tomato.jpg,tomato_leaf_yellow_virus,dcca45cb6cf329c90a4e05747af3f37abd88d42f9a97a641bbb96853e38ae0fe,,,
plantdoc_959e05e298114cc16ac8a4259b5d1f7f8f9da5090fecabe1f2040e77e20011b9,plantdoc,data/processed/tomato_plantdoc/tomato_leaf_yellow_virus/train_role-of-whitefly-in-plant-virus-transmission-by-pmanikandan-13-638.jpg,tomato_leaf_yellow_virus,0305c095f6b03876da91a864dc3b3546a6ca9e3fec3c408a45be9b577e93251d,,,
plantdoc_5c594027eff9fc50aafb89d23c2390261f3ab45c34640263fdd6aadd41f20e28,plantdoc,data/processed/tomato_plantdoc/tomato_leaf_yellow_virus/train_role-of-whitefly-in-plant-virus-transmission-by-pmanikandan-25-638.jpg,tomato_leaf_yellow_virus,365420ddc129fe419d78cc6d5155e66cef1321379ba7e63717f4ebdfe0788cf1,,,
plantdoc_d73985597767b099223c7acdc1391107ffddfcc15b7f62db9dbd1da5503d9dcf,plantdoc,data/processed/tomato_plantdoc/tomato_leaf_yellow_virus/train_s-prasanth-kumar-young-scientist-awarded-presentation-2-728.jpg,tomato_leaf_yellow_virus,53c1b579e2a3440f39771ca845d7ae166c59670df9da37fb335e52b9317a89ec,,,
plantdoc_8e3d79d067543d0dc303d64fc7c59e67f43293a0c93080a36193a8a955965b4a,plantdoc,data/processed/tomato_plantdoc/tomato_leaf_yellow_virus/train_tj5itxzunn3k.jpg,tomato_leaf_yellow_virus,f626f9c37fd1c411df46e626df1427b0bffad1128a47fce285cda22cdb1d2183,,,
plantdoc_026afafc0402b2cf8f7c1f588baee4a5853231338aa9913d586d648e6224f65d,plantdoc,data/processed/tomato_plantdoc/tomato_leaf_yellow_virus/train_tlcv-tomato-leaf-curl-virus-symptoms-on-a-glasshouse-tomato-plant-ACGAG6.jpg,tomato_leaf_yellow_virus,467bf263b87ad1eb33df08b6d52c9534db65f06869fb4345ded927926a499b3d,,,
plantdoc_fd78944015a66cc20129bff3e41a25b4b26be52af852c199c2b91793ed184ece,plantdoc,data/processed/tomato_plantdoc/tomato_leaf_yellow_virus/train_tlcv-tomato-leaf-curl-virus-symptoms-on-a-glasshouse-tomato-plant-bmyh62.jpg,tomato_leaf_yellow_virus,90c5fc48c9795258c3b989f9d9c0d29a11280e9d3298552229f67575311222b6,,,
plantdoc_17febe7cd1f379b3dabdad14b807fafb1d83903a88032d29401c60855d6ab655,plantdoc,data/processed/tomato_plantdoc/tomato_leaf_yellow_virus/train_tomato-plant-virus-tomato-yellow-leaf-curl-virus-tomato-plant-disease-mosaic-virus.jpg,tomato_leaf_yellow_virus,a9a2a8fb11e81b38fdf434db1711e1261d5e15033e3845ed58941affeacc84ba,,,
plantdoc_c22429b180398fadf4bae496e94354a788e0636d2b9707f4f01d32817583b9d9,plantdoc,data/processed/tomato_plantdoc/tomato_leaf_yellow_virus/train_tomato-yellow-closeup-2.jpg,tomato_leaf_yellow_virus,f81eda8aa9fe987c3e3be0f0dbc238f2052143fd4c2aa3bc2e93d940bbdd6b5e,,,
plantdoc_110a955174ad36f5147404590136e3fef6b3951e62cbac3d14463a5f6541911c,plantdoc,data/processed/tomato_plantdoc/tomato_leaf_yellow_virus/train_tomato-yellow-closeup-3.jpg,tomato_leaf_yellow_virus,dab4632af6f75737b364a57e523239a602e50e4fe164b1b6b216b9ed91b155fb,,,
plantdoc_ea8e442421b5c3f5076807b52773e8513a8b2dba0184edb0649ababe88d652e4,plantdoc,data/processed/tomato_plantdoc/tomato_leaf_yellow_virus/train_tomato-yellow-closeup-4.jpg,tomato_leaf_yellow_virus,82e3fc465df0da8b63ab0857ff25eacc2f9f2818cf623992d4f499e77be3a549,,,
plantdoc_c45853febff82501dbae103350f35d72e41b1668d3cff65de9def68a9eed1ee9,plantdoc,data/processed/tomato_plantdoc/tomato_leaf_yellow_virus/train_tomato-yellow-leaf-curl-disease-260nw-1006958086.jpg,tomato_leaf_yellow_virus,c5af008b8a552f07528bbaa43a84ce4be90d2113bb24e8588938b363b4296f4c,,,
plantdoc_4aa814591f1c4cae8f8adc584bfe45cb9ddebe217e9a271f32a9561ca552f2ac,plantdoc,data/processed/tomato_plantdoc/tomato_leaf_yellow_virus/train_tomato-yellow-leaf-curl-disease-260nw-1072448252.jpg,tomato_leaf_yellow_virus,4b64971d72a35091a10e23590b3daf8594380a36919f85ff96ea4031c9342d48,,,
plantdoc_56f2595c293176a17a3d3a42e2e91dfbb9434611b9b1e1eefce746a84a575a4e,plantdoc,data/processed/tomato_plantdoc/tomato_leaf_yellow_virus/train_tomato-yellow-leaf-curl-disease.jpg,tomato_leaf_yellow_virus,f70e3c148a2472243d50b1f63006e2e28c0fa60d19171ed3e0a05133593c61a0,,,
plantdoc_ec824b4e6488f247e365eb49aa8b3eee4cc7d2f5299d46e068c6fb6833826211,plantdoc,data/processed/tomato_plantdoc/tomato_leaf_yellow_virus/train_tomato-yellow-leaf-curl-virus-pdf-78kb.jpg,tomato_leaf_yellow_virus,77693a1305915f3c982ec7e9b17b2e38d51bd05ff3a4d8b1e07a5e93f1b654fa,,,
plantdoc_f2cc908db95469ba567da92955e11e0a9779d95d82e84d8d198dfe42e2ecfce1,plantdoc,data/processed/tomato_plantdoc/tomato_leaf_yellow_virus/train_tomato-yellow-leaf-curl-virus-symptoms-on-tomato-leaves-on-plants-ACGAME.jpg,tomato_leaf_yellow_virus,797808e307fc90f3d526f5209a8e4ae3811e6d6bb17368759c202ea606073563,,,
plantdoc_a6a79f1711ee7e5a376e5f10cacaac2bd3c3350863c94e62b10db6172c8e1c63,plantdoc,data/processed/tomato_plantdoc/tomato_leaf_yellow_virus/train_tomato-yellow-leaf-curl-virus-symptoms-on-tomato-leaves-on-plants-AXKWFY.jpg,tomato_leaf_yellow_virus,b779bef4681983f60de97786f4d954ff76b6a18635cc853f54b99aecac986699,,,
plantdoc_ba2132037c1b26951083e8d0b06a924b948dfb1cbd0ebddbd8da28b6dd14b6eb,plantdoc,data/processed/tomato_plantdoc/tomato_leaf_yellow_virus/train_tomato-yellow-leaf-curl-virus-tomato-1.jpg,tomato_leaf_yellow_virus,190c8596f5604d0eb313dab98ad8deff97e63ba3f443047ea36d0a3d0101d3e1,,,
plantdoc_d7f19afc96121386c4a39312d752629fa94fef2f4b6a68ac04610230320d3a08,plantdoc,data/processed/tomato_plantdoc/tomato_leaf_yellow_virus/train_tomato-yellow-leaf-curl-virus-tylcv_950983.jpg,tomato_leaf_yellow_virus,1c40a0b320e344baff7543419dea43b0b85ff0bb55edf45f20d9fedc1dedf0ce,,,
plantdoc_2efad8b853cc0baf54cff9e9ee2351144998bc3d16edab6099c40047bf1f6762,plantdoc,data/processed/tomato_plantdoc/tomato_leaf_yellow_virus/train_tomato-yellow-leaf-curl-virus-tylvcv-symptoms-on-a-tomato-plant-under-BMYHXY.jpg,tomato_leaf_yellow_virus,afc9fd1ae50ad1c2151a64638307571f21f6d96f7d26a4d0898491cb68040ed5,,,
plantdoc_af21edfe8ec4281899cac7e59ce889e4db68de0ac3c3be9ea9815430adf51092,plantdoc,data/processed/tomato_plantdoc/tomato_leaf_yellow_virus/train_tomato_leaf_roll.JPG.jpg,tomato_leaf_yellow_virus,c8ed5863a73ff3aba0bbff702fa25ea7dfa6c2ec391aa424c3a3b8438ec91a83,,,
plantdoc_2588fbab972dd82d1c058052831be05df9aa6edc5494500ba9dc5624f186b351,plantdoc,data/processed/tomato_plantdoc/tomato_leaf_yellow_virus/train_tomato_yellow_leaf_curl_virus.jpg,tomato_leaf_yellow_virus,04983f2d6712c63691750cadcc1fef54ad898ebff46f5f31e1b774689ff56ade,,,
plantdoc_3529e07601bf51a2490318956db35087acd02d1bebf556304150237ca0d6a9f6,plantdoc,data/processed/tomato_plantdoc/tomato_leaf_yellow_virus/train_tomatoyellowleafcurlcropped.jpg,tomato_leaf_yellow_virus,f3856815a06e4465036ae051553878fe74a6eae1f19a709e01241ed644491bf5,,,
plantdoc_a05dd968ae0cacd1e763d8a00a34c171ae33581a5218536165b982e2640f6470,plantdoc,data/processed/tomato_plantdoc/tomato_leaf_yellow_virus/train_tylcv-seminar-1-638.jpg,tomato_leaf_yellow_virus,3c52144e19e95cc3d4170407eaf729d0981b934615eaa183f7f5aa29d8ef265a,,,dup_sha256_3c52144e19e95cc3d4170407eaf729d0981b934615eaa183f7f5aa29d8ef265a
plantdoc_f88728ce36bc0ebca730109ae1376ba8e054b74a0eaf61abc1808c716ba9409d,plantdoc,data/processed/tomato_plantdoc/tomato_leaf_yellow_virus/train_tylcv.jpg,tomato_leaf_yellow_virus,b1d9a44da350fc13c0031a1a76017c017f4cd8f2242b29e9cd566230fdaf9599,,,
plantdoc_9d65df9bd2d8a033739b29a9a1929dd574541de06747875c7a3c78f550728369,plantdoc,data/processed/tomato_plantdoc/tomato_leaf_yellow_virus/train_tylcv1-.jpg,tomato_leaf_yellow_virus,b7105e6d1cbc110d122447c079e53804a329a468af94a69fb516aa31b2150a64,,,
plantdoc_8d62c3521a5bc5430f6d6540071e8a7471753cce1a8063202a099b4128ac574b,plantdoc,data/processed/tomato_plantdoc/tomato_leaf_yellow_virus/train_virus1.jpg,tomato_leaf_yellow_virus,32120540875aa9e0c1e7f6a5d6fef7bb575049c3c7e65c6dc8de91b159e300dc,,,
plantdoc_36ec857ccb3c739972c54fb083d0783e8518165918df8b09853b4cbd20d8f507,plantdoc,data/processed/tomato_plantdoc/tomato_leaf_yellow_virus/train_virus2.jpg,tomato_leaf_yellow_virus,f2c2b92054976374066eaf93c021a71b1d09d7d237075b2317b7b8c497e76b08,,,
plantdoc_49858a10cfd520f40c8922a0987dfc0a684f6091208a6c36114cb7575a4d7ebf,plantdoc,data/processed/tomato_plantdoc/tomato_leaf_yellow_virus/train_yellowing.JPG.jpg,tomato_leaf_yellow_virus,f0a4a07ddc0a0b43e0a66ad62cd192d7f4e8f78cd4cb460078021645b98d464a,,,
plantdoc_df5a9250dccb255ba293441104a38c9fd28bf2b029418bfba3aab7ba2e6f90d1,plantdoc,data/processed/tomato_plantdoc/tomato_septoria_leaf_spot/test_0.jpg,tomato_septoria_leaf_spot,c7e82b8ce320acec30c35a89e73490618e425c76d3c80d2d88a3053d39e9709e,,,
plantdoc_1a3f04f7b6ac8ce5909981828d9211ea3be288c45c053f7bd7f6c0934d6202d1,plantdoc,data/processed/tomato_plantdoc/tomato_septoria_leaf_spot/test_2STEM.jpg,tomato_septoria_leaf_spot,a8844aed418d61e8db0e2ef68c9da1ede9c0e3800e0756b6fbf02e0247ad1b7c,,,
plantdoc_9129374197170e4e92be1f8ccd57e99828a9fb48450476900282155b1cfea17c,plantdoc,data/processed/tomato_plantdoc/tomato_septoria_leaf_spot/test_2septoria-tomato.jpg,tomato_septoria_leaf_spot,b3404b141d9bda7cea19fa8dff6cef38da2a6e3f0a38fb6778713118578c13fc,,,
plantdoc_710d47cec33daadef4f1ca32a9fabdf44f14a34b1cf50d34527d82c63d3d56a4,plantdoc,data/processed/tomato_plantdoc/tomato_septoria_leaf_spot/test_55830b60a7cf2.image.jpg,tomato_septoria_leaf_spot,9dbcc935858b4fcc4b4f6c895c48045735b1f577959e995f2941bf761e42390a,,,
plantdoc_b231486d3a9988d19140403fce60d9f95169b790e3c98280922e666064915644,plantdoc,data/processed/tomato_plantdoc/tomato_septoria_leaf_spot/test_6134794031202304.jpeg.jpg,tomato_septoria_leaf_spot,5fc6710f54773260cd3d3f1444e1a3aa29a9b55c64065ab8eb12851bd4b9b9c5,,,
plantdoc_2dbb70e50eaab15ab7885d8aace0dccbb7a79738e4dc22032cc549fbf8829a2c,plantdoc,data/processed/tomato_plantdoc/tomato_septoria_leaf_spot/test_636227737977191231-septoria-leaf-spot-VT.jpg,tomato_septoria_leaf_spot,519210b5c98e67f1ec0a0705b12ed0b28625e2e514b472c86d8d3d1ba7256365,,,
plantdoc_7196fd89889d52bf93b1d92fcdf35746fd2a423d8c9563699979dbbb939d317a,plantdoc,data/processed/tomato_plantdoc/tomato_septoria_leaf_spot/test_6447731_orig.jpg,tomato_septoria_leaf_spot,2d87a16ce8325e687e246afc29a9b6468cddc7841d113ac7d4948b0fefee6197,,,
plantdoc_42e0a14638c16aaf506e5a0922e262f357b70b33b52677e0fd16ef223025cd2c,plantdoc,data/processed/tomato_plantdoc/tomato_septoria_leaf_spot/test_7-17-Photo3_Septoria-MARY.jpg,tomato_septoria_leaf_spot,c80add2c370abf75ee50396e7dec72b686732c7474df5bbba02343ae504751c9,,,
plantdoc_4e122666416e266c1a5bc94c7f1c1f31017e11f274f141fc5257e3b5f5e30793,plantdoc,data/processed/tomato_plantdoc/tomato_septoria_leaf_spot/test_RARZ4.jpg,tomato_septoria_leaf_spot,2005cb2706dc299ac16e5be8b42e705da41d4aae2d6fe17f24e87466a6a856fa,,,
plantdoc_0fc7d74a01d3d595d917c6c74212068e612bf097933d6fd5bd525bbebe07eb68,plantdoc,data/processed/tomato_plantdoc/tomato_septoria_leaf_spot/test_early-blight-septoria-ls-fig-3.jpg,tomato_septoria_leaf_spot,93c989d8551209bf34d4002ee9fae48ddbf6ab66fc3c27466c0473bcc7c0a2b7,,,dup_sha256_93c989d8551209bf34d4002ee9fae48ddbf6ab66fc3c27466c0473bcc7c0a2b7
plantdoc_e6851ba94aa923bd62d574e3bcb3e99a7f2338ea0757db07ba6e930da276fd5e,plantdoc,data/processed/tomato_plantdoc/tomato_septoria_leaf_spot/test_sept4disease-019.jpg,tomato_septoria_leaf_spot,3398df03c7b73de34b61da8df99de69a7f2448b800356be6809fa9edddc6abce,,,
plantdoc_2a10deabd8ee93b4f60c429b300430706258a27b02d9bd3d915a81c232494852,plantdoc,data/processed/tomato_plantdoc/tomato_septoria_leaf_spot/train_128110613-56a6d3633df78cf7729070ad.jpg,tomato_septoria_leaf_spot,9b6ce8f0e3b4cfd7bb9f4235ef5cff30f7a3d1da27be970612424a0ae1b3c5ef,,,
plantdoc_df89d204b3d588bf0a41778ec13bf96cc7e83d3195d2d65eb23b816c44ece5fb,plantdoc,data/processed/tomato_plantdoc/tomato_septoria_leaf_spot/train_140714+%2811%29.JPG.jpg,tomato_septoria_leaf_spot,415d67394b5ba63eeb5eb3e3c2b5bad457545ab95d36e371e668b932efc2fb54,,,
plantdoc_d44cdb1860a85c20da454474bb864de88852e30610f18de46965daef0e985ede,plantdoc,data/processed/tomato_plantdoc/tomato_septoria_leaf_spot/train_1b.jpg,tomato_septoria_leaf_spot,2ba273ad1fa959fd5705eb4274baecadf5c39a55d54f39a4344edaedc4f53f7d,,,
plantdoc_ec192f9557b4d19076c51a64b574ed6b3ce24717979a443f69c5ebb970e3de5f,plantdoc,data/processed/tomato_plantdoc/tomato_septoria_leaf_spot/train_1c421500ddd390c90596ad2cf12d5429.jpg,tomato_septoria_leaf_spot,31a8c886603b4e14ea3d20bb67ce59389da1b0f684b3284505621ecb7161e236,,,
plantdoc_02e3836612a9b12ed49734e093c43fef96d91c782baf9bc8a29061c063de52e0,plantdoc,data/processed/tomato_plantdoc/tomato_septoria_leaf_spot/train_2010-jul-5-jul-9-03.jpg,tomato_septoria_leaf_spot,e76d5e8955ab51c5e216640351088c0eba06a5cbf9a6476690d2e8a0673687a6,,,
plantdoc_9db35d72316f4f0b7e90abe5a03c9ec1e3e325cbe19c1547d6aa2d70a99450bf,plantdoc,data/processed/tomato_plantdoc/tomato_septoria_leaf_spot/train_20100824septoria.jpg,tomato_septoria_leaf_spot,743a2d395b8cc7ae0193b3dc2e47e569f96becfc372a5b08b0a84bf6d1cd0ec8,,,
plantdoc_748f4530cc93b65ae03b4bd32c70912365f41c4e4b21ce3d2bda23e2a4898551,plantdoc,data/processed/tomato_plantdoc/tomato_septoria_leaf_spot/train_2014-08-27%2B-%2BCloser%2BView%2Bof%2BSeptoria%2BLeaf%2BSpot.jpg,tomato_septoria_leaf_spot,ccf2197079cfbf3b985e94df571096013f1bc3433d714fc633cc56388ef1921c,,,
plantdoc_416d4a5d0c63d8da219244ff093bf8b14cb195444de307c653204ff0f8ea879a,plantdoc,data/processed/tomato_plantdoc/tomato_septoria_leaf_spot/train_20809116-standard.jpg,tomato_septoria_leaf_spot,68a214f97d997eb65dc191ff009ef9cfe6dab7b6f569c4beac2cd2be4f8950f8,,,
plantdoc_9a9d18145a4f35d95d454c8464fab3c67aeaf1317d5b9e47b219f1bc3a4c047b,plantdoc,data/processed/tomato_plantdoc/tomato_septoria_leaf_spot/train_28018723549_3a16c1467b_b.jpg,tomato_septoria_leaf_spot,ec94d4babad810979b404e7fb19093de03ca06d10e37ee99af2cfc86eedc2277,,,
plantdoc_ce32eda38bc541a73fbcd57e4aabb2aaed43e2b11adf450f5dd4abbef6eb7873,plantdoc,data/processed/tomato_plantdoc/tomato_septoria_leaf_spot/train_3-septoria-leaf-blight-n.jpg,tomato_septoria_leaf_spot,808ce66ab051591c7b680fd295ee9f958e230a77cfa2b28761e1005a145e6d90,,,
plantdoc_d84d80a31c205ba38452d8479c891ea3bdf10ed116e1d2edd43b49b9f7bb833a,plantdoc,data/processed/tomato_plantdoc/tomato_septoria_leaf_spot/train_32-Septoria-leaf-spot.jpg,tomato_septoria_leaf_spot,b62dde18182b1154cb86abf4a601d8ff4f86a0e3557c339995328c4d2c77bbfe,,,
plantdoc_555755519b5e17ae9d042e2feedf387fa2b2c3f796138a0321d8ee3fdd160b89,plantdoc,data/processed/tomato_plantdoc/tomato_septoria_leaf_spot/train_3893.jpg,tomato_septoria_leaf_spot,333e2b6c72ee8d38cfdcc59ef48593b68ab9499ed085fd7c88e38f0de557d5a4,,,
plantdoc_d4c338a3dcdbc5853e2fb8fdf9df165bb05fde23b759da6151d5629cb3cfd94e,plantdoc,data/processed/tomato_plantdoc/tomato_septoria_leaf_spot/train_46-Septoria-leaf-spot.jpg,tomato_septoria_leaf_spot,1f4a189a12c8b7e3fe9eb39e588dd48387f946606bf03d8df472523f9dc59180,,,
plantdoc_73ac3ae893ab74e538103693a8b111d01c8eb73fc2d1ea1ef70c5fb1cc2ad9c5,plantdoc,data/processed/tomato_plantdoc/tomato_septoria_leaf_spot/train_4853086777_bc41d29801.jpg,tomato_septoria_leaf_spot,7b44d0636ca3600d5b7dbeef3b51e251893067ac78b22e85440cb23815967598,,,
plantdoc_5153210295851b2f4bfd689f8f1a3726d6ed59300ae1b073068a203d5e15c5ee,plantdoc,data/processed/tomato_plantdoc/tomato_septoria_leaf_spot/train_49-Septoria-leaf-spot.jpg,tomato_septoria_leaf_spot,fc1dd18fde4b5e52b40149547a94149c8248fe5d4735ad212ba5604a11953ac9,,,
plantdoc_629c4a6639048ae73c4c0d38de5c5f9b15db138269df07af7e6fe164b35b570a,plantdoc,data/processed/tomato_plantdoc/tomato_septoria_leaf_spot/train_5008922249_880e15c21f.jpg,tomato_septoria_leaf_spot,58d1e1c5162aa77793d860f9f2cb0ee45e4bf9123ac33980ab87719ca9ba3b4a,,,
plantdoc_2fa724a679173a0f4bc2b6cfe6d4df69aed8a8607a0e5298ebe9ac513fca51d6,plantdoc,data/processed/tomato_plantdoc/tomato_septoria_leaf_spot/train_5315825271570432-600x272.jpeg.jpg,tomato_septoria_leaf_spot,0ba8d90f1122520d769a944f4e969dcb92a50cec6e28e72b214ddd6831140a86,,,
plantdoc_88e5cdccf901d30914c05d195a73e0e8a5ee0c3ba2e2f6abf16ea18f31b269a5,plantdoc,data/processed/tomato_plantdoc/tomato_septoria_leaf_spot/train_5315825271570432.jpeg.jpg,tomato_septoria_leaf_spot,6340fee78e5aa661da4418f4afc43b802c972b436f4ede4094e1188798c3f83a,,,
plantdoc_5bf75196c996c919bff3110b501de2a981222478a1475746b746e89fb324a7c7,plantdoc,data/processed/tomato_plantdoc/tomato_septoria_leaf_spot/train_5336411888680960-600x272.jpeg.jpg,tomato_septoria_leaf_spot,1f39d9b00195324e54e3438184a751c4ee6433ed2debe1c7f66b1bcadb7b83ea,,,
plantdoc_dd8fd3bdabe5785f5be90a868bbb5ab03f1b4ef0f0a32f4d8ef94bb0935cce38,plantdoc,data/processed/tomato_plantdoc/tomato_septoria_leaf_spot/train_5454635393351680.jpeg.jpg,tomato_septoria_leaf_spot,2d1dd4ee62ac32d32a27772ca50d261ad1d8484f7d2866fc378e4c82d2c9a183,,,
plantdoc_544a3532f2c1940c11abf5c5d135c5a3ed67c5313b8d0e47bb7d783a39335356,plantdoc,data/processed/tomato_plantdoc/tomato_septoria_leaf_spot/train_5516100468998144-600x272.jpeg.jpg,tomato_septoria_leaf_spot,bd09aee31743e02a62003cc24e9c373fe9e4b44f4c4404682fcada58214e8d40,,,
plantdoc_37485b06b621a8c2ca430ca3941ee1e75e6d515948917378d8d4a4cc6159c1ec,plantdoc,data/processed/tomato_plantdoc/tomato_septoria_leaf_spot/train_5516100468998144.jpeg.jpg,tomato_septoria_leaf_spot,5e4eff63c792eae80f4ba54122a3e1c91e97824cb7533899b1c5ebeb9cef9ee0,,,
plantdoc_8fc299381c09176eea12dff40f00337f9c7d8d5b0090f2ba75f42b6da452284c,plantdoc,data/processed/tomato_plantdoc/tomato_septoria_leaf_spot/train_5579e3247db73.image.jpg,tomato_septoria_leaf_spot,2ccdc340d00f74233634705a3f0dee93c353bc9fbba6bedf43f977abdfb4b436,,,
plantdoc_7a7892cbb74feab8d2278f93e0f22607a729ec1179918f8bdb668150b86e5450,plantdoc,data/processed/tomato_plantdoc/tomato_septoria_leaf_spot/train_5775225744523264-600x272.jpeg.jpg,tomato_septoria_leaf_spot,81afaf75b5ca0a17ba18d778f17dbd0f01251ffed493faefbcb5df65e150d6f3,,,
plantdoc_2ca4c74728dd3a9fc21f0b55e581b7f2b5528a860734742a7259443334940890,plantdoc,data/processed/tomato_plantdoc/tomato_septoria_leaf_spot/train_5775225744523264.jpeg.jpg,tomato_septoria_leaf_spot,94a8ea8452cec2540ead310d93a6375e371b9b7e5077b7614044ec430a03606e,,,
plantdoc_d211f469809f442aab2fc2e5b25ed534b11065169fc27876f62dc626e1140854,plantdoc,data/processed/tomato_plantdoc/tomato_septoria_leaf_spot/train_5866245865865216.jpeg.jpg,tomato_septoria_leaf_spot,2eeff12c4b6713ac39e44150ad91538626044a11610c33738c2b5ef4773ff70e,,,
plantdoc_9297625a279dbbd879dc8f4150a13039528164273760e722b54b0d02434f20f0,plantdoc,data/processed/tomato_plantdoc/tomato_septoria_leaf_spot/train_5c77186a4ea326e5495c9d03cd89ce16.jpg,tomato_septoria_leaf_spot,4e8b0be6e1ebb25c470537f1601dd510bf7aefe99e3236b70a3ec90e247d69f7,,,
plantdoc_9c9bd2cc1c9c3632235fcae4776d015f6c41e1cc354f8f6df9f99c5963cf74fa,plantdoc,data/processed/tomato_plantdoc/tomato_septoria_leaf_spot/train_6+1+09+019.jpg,tomato_septoria_leaf_spot,d9970657c1755a2ff6803e6f238a1a9a3d3ec835eda621404e22cff9ab8b153b,,,
plantdoc_4ea8fcd694b3109a403cc993cf1b821d674e779ad1067314bd597b884d6317a5,plantdoc,data/processed/tomato_plantdoc/tomato_septoria_leaf_spot/train_6078710516023296-600x272.jpeg.jpg,tomato_septoria_leaf_spot,9cc86b01057bb4542c061f00a8648f93d28a584614a3e9515092db1a0edf23ff,,,
plantdoc_8e1b7c90545188848a6cb5dd5072954da41c74153f2c5c25269ffb4889da86f1,plantdoc,data/processed/tomato_plantdoc/tomato_septoria_leaf_spot/train_6078710516023296.jpeg.jpg,tomato_septoria_leaf_spot,7da5d22387c0bed19befb6abef6adfafc3b790607594832d8a224a36a948b918,,,
plantdoc_8d67e5a7050f1a1a0d68bf5926b1f68dae15b3624673db37ec5aeefe1aca41ac,plantdoc,data/processed/tomato_plantdoc/tomato_septoria_leaf_spot/train_6134794031202304-600x272.jpeg.jpg,tomato_septoria_leaf_spot,422bb187b52d8d573f4024b9c47fa28b88ddb150320ac4914fe35c4b468778a8,,,
plantdoc_286102adc645855d756733c3efefe04346e5696d7c326b06c747314abddee4c6,plantdoc,data/processed/tomato_plantdoc/tomato_septoria_leaf_spot/train_6242739939180544.jpeg.jpg,tomato_septoria_leaf_spot,386c07ac0ead76fb91a38688798c9572dc4798693365a39f661e2618ac1476f7,,,
plantdoc_671ab6e15023ee8936b39595ba95e94ea71faeabd0aa8e572eef4b67dad29d05,plantdoc,data/processed/tomato_plantdoc/tomato_septoria_leaf_spot/train_6336392950972416.jpeg.jpg,tomato_septoria_leaf_spot,f97eba2bde35021e63dda68ddcf0160aa8070142ed5654308bf58d411ebd26d7,,,
plantdoc_be0ee37fbb57c46503868ee3f7fd52f341ff88b99834c4d7131188d2afd02871,plantdoc,data/processed/tomato_plantdoc/tomato_septoria_leaf_spot/train_66e7583ebe11cf0bd06435e4167bd4fd.jpg,tomato_septoria_leaf_spot,f1ede3912f70032173ebb896c3e9c8b58ba6b6bbaf9d2ce56750c01113163afe,,,
plantdoc_35a37bb42c3f6c3db45fe10a9384abe9c3d4f01d2e9e432911d7af361126a6c5,plantdoc,data/processed/tomato_plantdoc/tomato_septoria_leaf_spot/train_BCH%20medium%20thumbnail%20for%20upload%20%2861%29.jpg,tomato_septoria_leaf_spot,f645b9bf98b04eb4b3b9eb676f0522b16717429d0e4ebd5837febd681bfdbd4c,,,
plantdoc_12d4499cf1a9520ef14718c542f7aec51155d86963581a7271cd5dcc61c8531e,plantdoc,data/processed/tomato_plantdoc/tomato_septoria_leaf_spot/train_Bean-rust-on-leaves.jpg,tomato_septoria_leaf_spot,85b702cb6875f9eb76b00332ac5205d46056302b38618912090b3952a82f8779,,,
plantdoc_b82de9f7735e80d77aa2425e27116d25c7d3bc12c038d29ae214d0a08d560db3,plantdoc,data/processed/tomato_plantdoc/tomato_septoria_leaf_spot/train_EPP-7625Fig-5-143x300.jpg,tomato_septoria_leaf_spot,bfbb800e869c5fd99f08eba866fe7fd88264751038ca736e2208972dc31a8808,,,
plantdoc_8a82d3314ec881622a99794a7716d2bc6026e5acf930de1913299358f837f62c,plantdoc,data/processed/tomato_plantdoc/tomato_septoria_leaf_spot/train_IMG_0312_original.jpg,tomato_septoria_leaf_spot,8018221985aa039f9d899aed3bc3012618cc1721fe6032642afaa12b87110f5c,,,
plantdoc_84e52096d35d83629cd4974ef04ebd58f7e38ea5743115cb97054334b3be35be,plantdoc,data/processed/tomato_plantdoc/tomato_septoria_leaf_spot/train_IMG_0863_1500x1500%253E.jpg,tomato_septoria_leaf_spot,8257029b90f9ee984c2713f830afe4b053af8d122c771c00e63486120c5f4f6e,,,
plantdoc_d911509acb7724c767dbde07e3e9d65550695e1942df8f15832cce66090d3e8f,plantdoc,data/processed/tomato_plantdoc/tomato_septoria_leaf_spot/train_IMG_3175.jpg,tomato_septoria_leaf_spot,d87fd430a16f2eb4521f1aab4345a3dd9f37d634a3dee04d9e2c89e900402cb3,,,
plantdoc_980aa37a6ed1884de55b96b0d34040a00fb1ee61c62e1b57ea5528d1dd6d0a5b,plantdoc,data/processed/tomato_plantdoc/tomato_septoria_leaf_spot/train_IMG_4452_1500x1500%253E.JPG?1407883119.jpg,tomato_septoria_leaf_spot,0a96b9d5f955b40b19f23257bc6bf16ab4ac3fa09dc0726f715157a36c4134e9,,,
plantdoc_e4ae66c2f275f54cf886abba6be9937a6ba34726f80606b792f12764ca3db746,plantdoc,data/processed/tomato_plantdoc/tomato_septoria_leaf_spot/train_Leaf%20spot.jpg,tomato_septoria_leaf_spot,b9edb6c3261c549c1464a7e0fdd17d788df2f35ddea9cfdc53ca35e5cf4b77cb,,,
plantdoc_d710484087006e14b68d5cb76f8fc1f2f5cdc4203fa7de61c9ff33452e2b253a,plantdoc,data/processed/tomato_plantdoc/tomato_septoria_leaf_spot/train_MPC105550.jpg.rendition.largest.550.jpg,tomato_septoria_leaf_spot,9d29d49bd39a44a7c9f3dc663df9a18848d22de832995550ae37c7f8c01ff085,,,
plantdoc_da546273d43c47eca4caa1c1b42ffd0e416e012f000199ce0cdcf8f4e0a1c243,plantdoc,data/processed/tomato_plantdoc/tomato_septoria_leaf_spot/train_PHOTO_1333642732277.jpg,tomato_septoria_leaf_spot,7da853e6dd4d3a78447638a64e8addaba2a7d5fe053ef09056af81aff4f2722f,,,
plantdoc_271a6cfe2e32aabef456299ccafb3ede0511c3339af315eec345df95ccbbf0a6,plantdoc,data/processed/tomato_plantdoc/tomato_septoria_leaf_spot/train_PHOTO_1333642740144.jpg,tomato_septoria_leaf_spot,96de8e01c001bb855bfb8509a43d77f0b97a77bd730eebb99ca17bdba5bac46c,,,
plantdoc_2264860afaed2e78ae4e683ac8f1785a7950ef26f52626ac9e1103a966fcc05b,plantdoc,data/processed/tomato_plantdoc/tomato_septoria_leaf_spot/train_Sept9-300x225.jpg,tomato_septoria_leaf_spot,31fa261bb38e5f84a5beef2c39b7cc40ca55169641c4028fcb0bcb33bbbf10de,,,
plantdoc_97aa77239976ff141ba63657a216b8e6c459361a689c5c3450607669be527c10,plantdoc,data/processed/tomato_plantdoc/tomato_septoria_leaf_spot/train_Septoria%2Bleaf%2Bspot.tomato.JPG.jpg,tomato_septoria_leaf_spot,5de483b529c1b8edb4399db92e531f16b1c82f8f7f204ec6afcafcdd0b066fe5,,,
plantdoc_282ecaec7dbeec0bf231d30da997c0c48f7a6d106a2d5f9027c7d12cd4360fca,plantdoc,data/processed/tomato_plantdoc/tomato_septoria_leaf_spot/train_Septoria+Leaf+Spot.jpg,tomato_septoria_leaf_spot,db7621c315802b3a9a15c00a0d68519adebc8cc1bea0194853b79f0d726d4e78,,,
plantdoc_41fccebfec7de5e1e2578607f6009ba4cba6bcfdd9f94b12d615a54e8da72beb,plantdoc,data/processed/tomato_plantdoc/tomato_septoria_leaf_spot/train_Septoria-461x346.jpg,tomato_septoria_leaf_spot,2ab4760580398c3294a11039a7c21a73b6c2becef277e18d2e630a48da5f431b,,,
plantdoc_43f744ef6be4cc0a569595406097f7a8f66948ebd69f39c99e773e55ba6efa28,plantdoc,data/processed/tomato_plantdoc/tomato_septoria_leaf_spot/train_Septoria-Tomato.jpg,tomato_septoria_leaf_spot,b332a01ba636102d634872008b157bcdbb8b6d8b15efdfb2e730d47cd27c11b0,,,
plantdoc_df8ce5bb24fe57ade351d2df456f8307946d062e60d7e5e2b5f62a7a76018e90,plantdoc,data/processed/tomato_plantdoc/tomato_septoria_leaf_spot/train_Septoria-leaf-spot-hc.jpg,tomato_septoria_leaf_spot,aded414795beadec507c6fc3051ba11ae1fd1c4f7c03465e1973b2311d876d6b,,,
plantdoc_09ada11b82339ade1966e3985f3d2496e07f1b5d1128907902f3ee32510a7e68,plantdoc,data/processed/tomato_plantdoc/tomato_septoria_leaf_spot/train_Septoria-leaf-spot-on-tomato-FOR-WEB.jpg,tomato_septoria_leaf_spot,01acc19e714449444faa9159614e1a2e9af30ca52fa96060da06ac247de456bb,,,
plantdoc_e858b49228499580d47ec6603a608f876a3917e854e6fe8cae2cfff882b736b5,plantdoc,data/processed/tomato_plantdoc/tomato_septoria_leaf_spot/train_SeptoriaLeaf_T3.jpg,tomato_septoria_leaf_spot,43ce6333bcf08abd6f0e4a868ba76bd5fdcd3630e17fbd604affbde0501456e0,,,
plantdoc_f9bebaace6b66dc3e249ccfebad5a5c1a89d525678274f206d8ee5d70a5b1761,plantdoc,data/processed/tomato_plantdoc/tomato_septoria_leaf_spot/train_SeptoriaTomato-B.jpg,tomato_septoria_leaf_spot,d7957bbfdb523ab71b498b00787dbb799c4da9990513fc80defa6094a79738f0,,,
plantdoc_a0fa69e9e5ef5aed9467cf59df9eb5b000efee6e23d7450bd37e75b616172f8f,plantdoc,data/processed/tomato_plantdoc/tomato_septoria_leaf_spot/train_Septoria_Leaf_Spot.jpg,tomato_septoria_leaf_spot,3cd0b232de9ffb2e3e7e4f49e3356c1ecfac43a7608d8e88b11efff11f2b00e4,,,
plantdoc_b9694c0aff9df6bbb3c3cc306f21f84a808d06052d2e73d5338cefd3234b25eb,plantdoc,data/processed/tomato_plantdoc/tomato_septoria_leaf_spot/train_Septoria_Leaf_Spot_of_Tomato186.jpg,tomato_septoria_leaf_spot,4874eb88f8544a40f723bec845086b8c471c353eb13685966c394950804cffb7,,,
plantdoc_765e064c4f5f3a2aaa5b469a74697b353c368eb57747e82304e799ab3eac9237,plantdoc,data/processed/tomato_plantdoc/tomato_septoria_leaf_spot/train_Septoria_Leaf_Spot_of_Tomato187.jpg,tomato_septoria_leaf_spot,38f5baba91e3ea14c45f02f1320137375db422c77eec313f44ad1c4bd99687e5,,,
plantdoc_53ff3e9ee5e1535496fdf565daeddeea502ec9aa401bc4e295bc7b026eaccac7,plantdoc,data/processed/tomato_plantdoc/tomato_septoria_leaf_spot/train_Septoria_Leaf_Spot_of_Tomato2241-450x300.jpg,tomato_septoria_leaf_spot,3a39d339478fc54847452cf6421ff93a8f7b4327eb138f89ddc5dc450f7ffca2,,,
plantdoc_cc58542d4ada75297879de1deb45ea5f15066c0e346f24fee62fcfcf280e0e7e,plantdoc,data/processed/tomato_plantdoc/tomato_septoria_leaf_spot/train_Septoria_leaf_spot_tomato.jpg,tomato_septoria_leaf_spot,e44feb48461d2cea164b0f093f991497031d0584105580b443b7ef0f18bd0aad,,,
plantdoc_4c21a0970b8840bcb2311559b130428097ab3d635034adb4a77d21dabfc13275,plantdoc,data/processed/tomato_plantdoc/tomato_septoria_leaf_spot/train_Septoria_tomato_Margaret%20B_p8170755_0002_25004.jpg,tomato_septoria_leaf_spot,16b0c318d4b26a84aa8d974f97cd5abe30aa5500b55ac38d6b9f8daa66624060,,,
plantdoc_6697e4cfc8963709298f55095d3310595afbf4e3cb8b9dfcd56f1f8af7179351,plantdoc,data/processed/tomato_plantdoc/tomato_septoria_leaf_spot/train_Tom_Sept1.jpg,tomato_septoria_leaf_spot,fce1bfc413bec680efb6f36a57ef8ceb673c09a716b1ffbb26d55dcda2a1b0a2,,,
plantdoc_cd1c2fcfdd50756bc93a37c97c24c126134e62a14ddd9ef82196c9d7bcead345,plantdoc,data/processed/tomato_plantdoc/tomato_septoria_leaf_spot/train_Tom_Sept4.jpg,tomato_septoria_leaf_spot,781b001024db4b35faae565d77d489006090d3ed9b75b26ac09020ed1b43b6e1,,,
plantdoc_91b700a58face4d0fdd3c68962d1e42beb7adf6c90f38aee9abfee1c59eefbd8,plantdoc,data/processed/tomato_plantdoc/tomato_septoria_leaf_spot/train_Tomato%20bacterial%20spot%20closeup-050S.JPG.jpg,tomato_septoria_leaf_spot,9a83f0507e08947cb4c6563ba4b080d32bfec11253d66292c0241cbed810f458,,,
plantdoc_8c2ba17fdbede4cba163789aa78609b160947f92d0b1d7cf2ca5f9924e97da7b,plantdoc,data/processed/tomato_plantdoc/tomato_septoria_leaf_spot/train_Tomato+Problems+Septoria+Leaf+Spot.jpg,tomato_septoria_leaf_spot,44fa15ec1a60faa07d2e1b36692d07d9050716503ce2746a8a1cb1d982477a45,,,
plantdoc_c6cbc8f5a766bd6759847083424fffe56be3445b1cca4f0c4bb633ce45f2c4fa,plantdoc,data/processed/tomato_plantdoc/tomato_septoria_leaf_spot/train_Tomato+leaf+spot2.jpg,tomato_septoria_leaf_spot,b74478400d645250748d20ab0e829d5bb9a94d90e8d8c342d6be21902cc27e74,,,
plantdoc_22254605259eba47d69ac3759b745edadef28afe2975afb63695a741287942a3,plantdoc,data/processed/tomato_plantdoc/tomato_septoria_leaf_spot/train_TomatoDisease_IMG_2744_2016Jul01_original.JPG?1472858324.jpg,tomato_septoria_leaf_spot,e3e94ea07f305a84b93b7f7e57a23348b0da059268cc369181fee32b6774d55a,,,
plantdoc_55691691350c03f8a3e2f63cf53b4a17ab19471f2e23d2b69452bb3119e11b25,plantdoc,data/processed/tomato_plantdoc/tomato_septoria_leaf_spot/train_Tomato_Septoria_Leaf_Spot.jpg,tomato_septoria_leaf_spot,a74386fd3264b6d486a5676e87a00f27b0ba135adb4545bb75a68027b9cc90ca,,,
plantdoc_888f81556f2b9877a0454ed0a3b37bf18504a5f3cacdad2e41b958b2bfe6c81b,plantdoc,data/processed/tomato_plantdoc/tomato_septoria_leaf_spot/train_b54d0e40027ff5e90e8ba7e1e9abf9bd.jpg,tomato_septoria_leaf_spot,d4ac24bc0922e6a642cfa1395b82d656190694bcda7e6d542ed44abac2c4f2e5,,,
plantdoc_9d3dd9dfdd7c10db50db70c58f2baaeda7c01ac0ffc50429ba72284f929c0fe8,plantdoc,data/processed/tomato_plantdoc/tomato_septoria_leaf_spot/train_b6ca3f80-cc10-4d4f-be0d-771deb9a4969.jpeg.jpg,tomato_septoria_leaf_spot,25d74b6b33d681dde40ecc404b655510b1c2dc763006d90fa8996dd8be2c7afe,,,
plantdoc_6732a13f78967dff1c2b1203fc7df5e3fc4c933bd892c82bd88454fb240ccb00,plantdoc,data/processed/tomato_plantdoc/tomato_septoria_leaf_spot/train_bd0b83af4c5e4b739ccc6c36fa66f141.jpg,tomato_septoria_leaf_spot,8fa88f78ba5550cb2047961bf4a2cbe4ad6c5b693fa6e2e654f4f1ed4928f50e,,,
plantdoc_1be52798c4f6da184d12c37752f5f145be8bfde097f1808b2df6d7ea181cd135,plantdoc,data/processed/tomato_plantdoc/tomato_septoria_leaf_spot/train_bed-4-tomatoes-23jun13.jpg,tomato_septoria_leaf_spot,61a8eafc5f116c0e2d3ce62852f92b587963fc4e29e627a7edff06513d992601,,,
plantdoc_9a27cda35e7e2a507a30d6bd2daf9b478c536dff7a9c0094e69312a3d9414b4d,plantdoc,data/processed/tomato_plantdoc/tomato_septoria_leaf_spot/train_bigseptoria01.jpg,tomato_septoria_leaf_spot,db163bfa9d2b5b1d5f8131ee30b76920c772c19f736a8f7357a042d5cb70e5e1,,,
plantdoc_c029bbaa90dfb9310ca21b5774809eaa38d2c7967feee8a86e2aca4e6931175f,plantdoc,data/processed/tomato_plantdoc/tomato_septoria_leaf_spot/train_bnX8Q.jpg,tomato_septoria_leaf_spot,6f781eddf9d4c49bde14649f8aeda483fd084719a2db3e551427b3778024e592,,,
plantdoc_ed59b4748db8535188073fb4c7f54dbadf0ead710e9651123b83ca4e2fccef57,plantdoc,data/processed/tomato_plantdoc/tomato_septoria_leaf_spot/train_caf212ccf4696675469a0beaa9e57213.jpg,tomato_septoria_leaf_spot,909e493ee0f14f4757b15c40f19bac1e81ae6b639087c7a3945f657d88bc2397,,,
plantdoc_4f4ae1a3b4984a1f625d679585596ce0d43f71d4462fa61efa4d4346355f6fc9,plantdoc,data/processed/tomato_plantdoc/tomato_septoria_leaf_spot/train_classic-septoria.jpg,tomato_septoria_leaf_spot,5a55c2e3d902ce5f9f89d1c1918e5bea818e5d8aaf3b8631c4174d8beff6fa4f,,,
plantdoc_2bc32a5027c5f6732718c905a016b0b5cf7de7c32b7e577e3d0bec3473c345b5,plantdoc,data/processed/tomato_plantdoc/tomato_septoria_leaf_spot/train_closeup-of-tomato-leaf-y4af51-1024x768.jpg,tomato_septoria_leaf_spot,06e8b9439cdd4e28381d8e489bbfc35683743155db055b668e5f91eb39333b1a,,,
plantdoc_d17afd7227a6165019a09e79a22ed12f3d8890a762fc8b75a7e6d5b476e3355b,plantdoc,data/processed/tomato_plantdoc/tomato_septoria_leaf_spot/train_confused-early-blight-septoria-zoom.jpg,tomato_septoria_leaf_spot,8909bd2eaf63b0cd388d2e1fe230b63143559fb06351bd234856486eb4042dbe,,,
plantdoc_6de10687235c188b63163abebc4b8e2add1f34a66197b4a98d113c70e7fb5886,plantdoc,data/processed/tomato_plantdoc/tomato_septoria_leaf_spot/train_early+blight+on+leaf+yel+halo+IMG_2313.JPG.jpg,tomato_septoria_leaf_spot,3503ea91ae5be3ef0c70f9cfb8b4cb0a585ffd8497fdba7be3a2334a3cbb2025,,,
plantdoc_5b0a900ef67644d67cb2155400ec70a9b2887aadf4d025f667b0ca5993952b26,plantdoc,data/processed/tomato_plantdoc/tomato_septoria_leaf_spot/train_early-blight-septoria-ls-fig-3.jpg,tomato_septoria_leaf_spot,93c989d8551209bf34d4002ee9fae48ddbf6ab66fc3c27466c0473bcc7c0a2b7,,,dup_sha256_93c989d8551209bf34d4002ee9fae48ddbf6ab66fc3c27466c0473bcc7c0a2b7
plantdoc_3def8212f45fbb9659bb4c8b730554f35209fdb3c024ac7ea087d8bb7d5387a7,plantdoc,data/processed/tomato_plantdoc/tomato_septoria_leaf_spot/train_eb56b488e349c2de423ab6afbcc4bd5b.jpg,tomato_septoria_leaf_spot,ed7bb3ffc6866a36df769b79f7e54b47c7c45fdd955f25170664236e9abf9f6a,,,
plantdoc_e11f9cc671f7ce835d8e4a0ef90e8d2d4a26bb5e11198b0309aef4e34049ff13,plantdoc,data/processed/tomato_plantdoc/tomato_septoria_leaf_spot/train_gray-leaf-spot.jpg,tomato_septoria_leaf_spot,30489d7ecc6cea95f58ffc7e286aba175a38b1c11ca4cc521bb17e667f9356b3,,,
plantdoc_9b11f42aaac9d9914bd1cbe62c5b303f04e9d7145c6172e1bfc645cfc7acba79,plantdoc,data/processed/tomato_plantdoc/tomato_septoria_leaf_spot/train_img_6564.jpg,tomato_septoria_leaf_spot,c89cbf218f481c914a1ac65226f540c1acd7db1f6ffb496a94d85610f482ab51,,,
plantdoc_5164083fedb33345a4ee57389d83218a0896828c109a10faa40ab51b10e85274,plantdoc,data/processed/tomato_plantdoc/tomato_septoria_leaf_spot/train_leafspot-5aba8283642dca003687f6fa.jpg,tomato_septoria_leaf_spot,0a6432ca76944dc5fa8c7dd644914dd64b05a776131a27f5d9960c53ea97861a,,,
plantdoc_35ebf47c2ebb9bec02febb23f5ed5ccd25d2f1319e8f2c424e0f4fa4b305ba16,plantdoc,data/processed/tomato_plantdoc/tomato_septoria_leaf_spot/train_septoria+leaf+spota.jpg,tomato_septoria_leaf_spot,f7754135ce40bc781997056901d752f942440f3021bec21239fddc3bc910ca20,,,
plantdoc_e576fef35e3df894d1cfaaa3d5dea84e3b31ee975be21b0b9e6aa3eb35afc99f,plantdoc,data/processed/tomato_plantdoc/tomato_septoria_leaf_spot/train_septoria+on+rudbeckia.jpg,tomato_septoria_leaf_spot,0383527063025378f7d6d254e2039dacbb9dd4a0b9557541a8535131a702ca5e,,,
plantdoc_260ebdf34c576696dd1986dca4762fd93aa91559a07039d09a3beb8916d0347c,plantdoc,data/processed/tomato_plantdoc/tomato_septoria_leaf_spot/train_septoria+tomato.jpg,tomato_septoria_leaf_spot,77aa542226cc8a1d56ad3107ecdeb16a3fa38936c943ea2c14d4ca69672e53dc,,,
plantdoc_9dc69f4175a6d67590d1cbd5684e8822a829db017c314a7f9c678a0ce5bd748b,plantdoc,data/processed/tomato_plantdoc/tomato_septoria_leaf_spot/train_septoria-leaf-spot-2.jpg,tomato_septoria_leaf_spot,3f38afcd692bc834ca115fddd0d5f6711fe135ad155d38a0da7ea51743a29303,,,
plantdoc_0e6ec2b3a6d8a893a99c0406f4cf65eae44adde16aaa08e9a60b17663e53b617,plantdoc,data/processed/tomato_plantdoc/tomato_septoria_leaf_spot/train_septoria-leaf-spot-in-tomatoes.jpg,tomato_septoria_leaf_spot,aa232349743dbaf811d19e952b01a883f79e2a701ff030fbce52f2a4d8ecc279,,,
plantdoc_e7bd7a266b7aa332fb2bfea2ed76e6b78257bb7f56b9440fd54398be91df09a0,plantdoc,data/processed/tomato_plantdoc/tomato_septoria_leaf_spot/train_septoria-leaf-spot-on-tomato-1.jpg,tomato_septoria_leaf_spot,512395a4bf57a26d61d905ed8abac9f2b8abdcb77a91ada0369ced54db7b45f0,,,
plantdoc_99917d108471ddd63d0a0e04c0ad05c289e05faae329d79524815bd1872b8d60,plantdoc,data/processed/tomato_plantdoc/tomato_septoria_leaf_spot/train_septoria-leaf-spot-tomato-1.jpg,tomato_septoria_leaf_spot,c2df9ef9cc05534ad4855678f62bfe9d5312aa9dc0e53c0c5e8f5b13f69ab713,,,
plantdoc_a899e4ef2d6ee9e96642de551fead8c8891d2a71d0e70d2893496b735972c044,plantdoc,data/processed/tomato_plantdoc/tomato_septoria_leaf_spot/train_septoria-leaf-spot-tomatoes1x2400-17g2jzo.jpg,tomato_septoria_leaf_spot,6777b30efc94f2146669dac0f018912297da34cb0f8ecdcdf09655cdfe8aff3b,,,
plantdoc_a47b8b84b5ea9ce2e96b064710b7d71e479ec32c0b09ecc169c1aa8eeefe93d9,plantdoc,data/processed/tomato_plantdoc/tomato_septoria_leaf_spot/train_septoria-leaf-spot-tomatoes2x2400-202yoxg.jpg,tomato_septoria_leaf_spot,880b93d1744261e885dd9827b55d60e330b521bda7a3c728c97921af986cf079,,,
plantdoc_96301a05825fe35ac39b14e8915f0275766ada87c3bd94fd35634c90e3d960e9,plantdoc,data/processed/tomato_plantdoc/tomato_septoria_leaf_spot/train_septoria-leaf-spot-treatment-leaf-spot-septoria-leaf-spot-soil-treatment-septoria-leaf-spot-tomato-organic-treatment.jpg,tomato_septoria_leaf_spot,8a1376011a0a8f09b29b6146b41bffdd225500a9ec3defdfb017db64d4ca9dc3,,,
plantdoc_40506d80786908621d6bd06e9e756cfcab2f0f1ccc92a3cc82fd4298b8596019,plantdoc,data/processed/tomato_plantdoc/tomato_septoria_leaf_spot/train_septoria-leafspot-on-tomato-leaf-rp-c.jpg,tomato_septoria_leaf_spot,c1063a7a2fc3a62e77fc2ea93ac9dd63f71834d04bcbafe4394c214d60b2385c,,,
plantdoc_90825cb2d3bf2ea98890072e04cb65b7921b470194968b883e8f9be779ba0956,plantdoc,data/processed/tomato_plantdoc/tomato_septoria_leaf_spot/train_septoria-lycopersici-ascomycota-common-fungal-leaf-disease-of-tomato-picture-id128110611.jpg,tomato_septoria_leaf_spot,eec8c9e2c33d152882a9fcfbdba4c283ada9d8c999da31fbd5e244e08c59dbf2,,,
plantdoc_50df3a122cb0cbaf68b7137f59c7196942fe00b4155e423cc13a4372c6acf478,plantdoc,data/processed/tomato_plantdoc/tomato_septoria_leaf_spot/train_septoria-tomato-leaf.jpg,tomato_septoria_leaf_spot,4706b8019fde4af3189329ed50f24e0925b4609a667266b0697effa446601f01,,,
plantdoc_e38bee96f4097ae9740948d901dae1dba5938c3285fb960e6d9db4f1b6a2b2af,plantdoc,data/processed/tomato_plantdoc/tomato_septoria_leaf_spot/train_septoria2_600px.jpg,tomato_septoria_leaf_spot,c272a95b8dba8347ca7e4a69eec79e1f0aee9f1e912199249610b220d6e80e6b,,,
plantdoc_ae6bafc14fc954494bdee566aba2afe0983474df3ca2a05f87ca434080f16e3b,plantdoc,data/processed/tomato_plantdoc/tomato_septoria_leaf_spot/train_septoria3.jpg,tomato_septoria_leaf_spot,a993f6dd6a40c5b1c83ffd08cd9ebd3375046698775efaafc539a5decc12e99e,,,
plantdoc_2a1093311117e212aadee80379431f95575df29fb9c60a9bb172107af31fad5e,plantdoc,data/processed/tomato_plantdoc/tomato_septoria_leaf_spot/train_septoria5.jpg,tomato_septoria_leaf_spot,9d7f86bc562cc7dc2bcf670c807bd0ea95027da0a8c36b26f0737fd343d09445,,,
plantdoc_455d3b74ddc181852a5522f789ef848086f702357be4d1dca9204d275e289c86,plantdoc,data/processed/tomato_plantdoc/tomato_septoria_leaf_spot/train_septoria_leaf_spot_of_tomato-1500x750.jpg,tomato_septoria_leaf_spot,013981224e179d72c1538f59b7a226d2c7178d2bc4de61980db2d270ec74f3c9,,,
plantdoc_1914733a5781c1ca431d717a772ffa66041675a5164f12a9237571e2dcd44533,plantdoc,data/processed/tomato_plantdoc/tomato_septoria_leaf_spot/train_septoria_tom_leaves1x1200.jpg,tomato_septoria_leaf_spot,c0ab32776c34a75a9a3bbc6f77f534f4dce0391046d8d0ca7ea57832469ea63f,,,
plantdoc_239ed95e8812e52e536c39fac31eab6773b7d2f731c83fa6466924ac60229407,plantdoc,data/processed/tomato_plantdoc/tomato_septoria_leaf_spot/train_septoria_tom_seedlings2x1200.jpg,tomato_septoria_leaf_spot,d709e378ca9bebb0492478c3648dd4675734ffbf06ccf40b8a5c39d9cecaab9a,,,
plantdoc_0039be4d7bdd667d9a6cac335b6d2b3b474c46d4c91c8d5c9f41ac1bfcdcc1d9,plantdoc,data/processed/tomato_plantdoc/tomato_septoria_leaf_spot/train_septoria_tom_seedlings5x1200.jpg,tomato_septoria_leaf_spot,c75c37f3f902135a83735384659e2c2ecc233f999058bafffb96a50f05c5100a,,,
plantdoc_ab60683d6c24c5af6f35d49e48b18222823f1d4bfbae328a5bbdadf5d4e82edc,plantdoc,data/processed/tomato_plantdoc/tomato_septoria_leaf_spot/train_septoria_tomato.jpg,tomato_septoria_leaf_spot,e1a4559a490c394e462b337028431b7db2345e348062e0d44bc7a80d2202d43c,,,
plantdoc_bbf2302b162196ed2b89d47ac6e7f7a4440ebd0d7ff190d19592049b3477f2f2,plantdoc,data/processed/tomato_plantdoc/tomato_septoria_leaf_spot/train_septorialeafspot.jpg,tomato_septoria_leaf_spot,0ddc3ea8959623524a385f58f77992ca5f93e71fbfb787bc91333ac067c5d95a,,,
plantdoc_00b0ce1d7981f59e1c0ba9d183c91c56da9da7cc32348e5abc4356dd3d56add1,plantdoc,data/processed/tomato_plantdoc/tomato_septoria_leaf_spot/train_septorialeafspot2.jpg,tomato_septoria_leaf_spot,6f0d00fbc5b1c97c4a79d8e4b9f071ccca7763f25e02b5115f0e52d8fa132e46,,,
plantdoc_c0da63afcbe812535fc8636b7c30b464887a49d30e27d2c16bd8a800a61bbb90,plantdoc,data/processed/tomato_plantdoc/tomato_septoria_leaf_spot/train_septorialycopersici_small.jpg,tomato_septoria_leaf_spot,c1f4d67c957f396e859e4bab3ea560b018ee1f2da1c6037804146c00fb425d2f,,,
plantdoc_7fd66d9c6d08643deab27d0c2ff9aed83d608af3cf7bdf3e955eac936de6efb0,plantdoc,data/processed/tomato_plantdoc/tomato_septoria_leaf_spot/train_slide21-n.jpg,tomato_septoria_leaf_spot,adcd00de1adbc1bbd8ed0bf186c869af3888f7530ec3705fc6ed3d9e2b0317f2,,,
plantdoc_e3133568d8888fdfffe4f583e80f90c1e417be3b6afeb6d308fb8964818be790,plantdoc,data/processed/tomato_plantdoc/tomato_septoria_leaf_spot/train_sls1.jpg,tomato_septoria_leaf_spot,094fcb904432cbf854ac6691409fee5591aade7d7434112ba823e09ff2c59759,,,
plantdoc_d287905f28aeb9c38191be3ee49e67d78c721d3062a09ae2a65aa378665e2fb5,plantdoc,data/processed/tomato_plantdoc/tomato_septoria_leaf_spot/train_tomato%2Bseptoria%2Bleaf%2Bspot2.JPG.jpg,tomato_septoria_leaf_spot,9f4f2b0a754f55cdeae8a4a44c0b978d31119b901db7d07902afe1ac210c9bf2,,,
plantdoc_369a0973c49f898fe86197b61106b17354457869d408830b7a6adc3344d56cbf,plantdoc,data/processed/tomato_plantdoc/tomato_septoria_leaf_spot/train_tomato-badleaves.jpg,tomato_septoria_leaf_spot,be07cf2488183e3b3d9d65acaf25482f69ddcd5aa49201975902c043779c8883,,,
plantdoc_bfbc05e940f9b8f63152d8f7f9ad830186dd153cc6711548211a35e9eca8b6b2,plantdoc,data/processed/tomato_plantdoc/tomato_septoria_leaf_spot/train_tomato-blight-treatment-blight.jpg,tomato_septoria_leaf_spot,e1f6af6a0bea097bf8c35931904c8def0b9c20305e57df6ea432223a31108095,,,
plantdoc_5dede5675325fb62b886780fe0a3d2f4f604a370bb19e94e1f60222d6e964b93,plantdoc,data/processed/tomato_plantdoc/tomato_septoria_leaf_spot/train_tomato-disease-septoria-leaf-spot-d7e1x9.jpg,tomato_septoria_leaf_spot,5f2ebb041e3413ffaba7b1308462732345bd25c7aab85db90f54e2783ddeec07,,,
plantdoc_12b53aec580ab1300e5cbdf62792d54377e5644247217a89e06b3a3cbb0f576b,plantdoc,data/processed/tomato_plantdoc/tomato_septoria_leaf_spot/train_tomato-disease-septoria-leaf-spot-d7e1xe.jpg,tomato_septoria_leaf_spot,2219b3e25a8ecdca38d2e8cde9580ce658379857458fc1f1c85aa74eea99fbce,,,
plantdoc_8a3b412bf17016697a96b5050279a895d9e99525814bbebf5ce3f1d26f616299,plantdoc,data/processed/tomato_plantdoc/tomato_septoria_leaf_spot/train_tomato-disease-septoria-leaf-spot-d7e1xm.jpg,tomato_septoria_leaf_spot,1aab13079b63ee6f34a5d5a66299f2f5e945d1c9fae62c73e91b04558f2b6d12,,,
plantdoc_0f51348121f23db38f74cb00eb63264cb9e46e23cae832b123ebe1bce63c053c,plantdoc,data/processed/tomato_plantdoc/tomato_septoria_leaf_spot/train_tomato-diseases-1-638.jpg,tomato_septoria_leaf_spot,b967e48f77bd6ebe103b0d8eff61a7aad1d35409ec83f7f721b775fe87829017,,,
plantdoc_0ee8a4d03f0cf2d4c512a5365ede3ced84e0ff08442d041114b3bd676dc41284,plantdoc,data/processed/tomato_plantdoc/tomato_septoria_leaf_spot/train_tomato-early-blight-e1437503226856.jpg,tomato_septoria_leaf_spot,5e472048573ab64f5163fa321e78bfa7452c319d57212bb684bb4c44689e1e7d,,,
plantdoc_967e3710f81f3628723ea4eb64b0acdad5f57761bfb5877ad9166f4166b89cc6,plantdoc,data/processed/tomato_plantdoc/tomato_septoria_leaf_spot/train_tomato-leaf-spot-septoria-lycopersici-leaf-spotting-on-tomato-at9jap.jpg,tomato_septoria_leaf_spot,54bd8046658573fda3872cc82db065dd5559e8ea8cbf86fdf26bd3eadbfa311c,,,
plantdoc_cf232ea4f3ff90f67802e1492d00b73762bcee06a9417abd9c87f06d28144afa,plantdoc,data/processed/tomato_plantdoc/tomato_septoria_leaf_spot/train_tomato-leaf-spot-septoria-lycopersici-on-a-tomato-leaflet-acg9j5.jpg,tomato_septoria_leaf_spot,0d1dea67bf02b999b809385822443304782fb15f47c184d10ac23936fe0dbf88,,,
plantdoc_f9a7cadbfc64ca18c7e9a7ee9fe4d9ca9ea58f4f77b95838dfa8b50cf3b66999,plantdoc,data/processed/tomato_plantdoc/tomato_septoria_leaf_spot/train_tomato-plant-is-infected-with-septoria-leaf-spot-1.jpg,tomato_septoria_leaf_spot,e409a55ef9717eeb960e447354dc3e90ceb6adfcf89193a8c984d254d8b4d4b0,,,
plantdoc_36d5fbf6dd6fe8d1dae7e7cff5184018b092e9e2d397a48c7fe6cc7beddae734,plantdoc,data/processed/tomato_plantdoc/tomato_septoria_leaf_spot/train_tomato-plant-is-infected-with-septoria-leaf-spot.jpg,tomato_septoria_leaf_spot,1ce5964076a5b102e0e10e3d9062853960710b3e6c2f8711dd493e5a4629a499,,,
plantdoc_4733b8483ab66ac7102701904fba4e0a3b27748ff1f9cb4d7f71f05e995ebb72,plantdoc,data/processed/tomato_plantdoc/tomato_septoria_leaf_spot/train_tomato-septoria-3-500x384.jpg,tomato_septoria_leaf_spot,46884e0ed799561eb222f9947328edb85bad1f147bf033db1c3dbe4cfb39302c,,,
plantdoc_8d5bab1c325872e52489c8a52b78d7f904caddd815f53e580b3a3432d9cfa27c,plantdoc,data/processed/tomato_plantdoc/tomato_septoria_leaf_spot/train_tomato-septoria-3.jpg,tomato_septoria_leaf_spot,94dddabc3c29835b9e2be96cf6a12440606c98ffa45aeb890369cd2434f6c287,,,
plantdoc_3319dd7b0e3baa700122293c19e3a8871ed83b87bbbe0463d0cb931ff7a994ca,plantdoc,data/processed/tomato_plantdoc/tomato_septoria_leaf_spot/train_tomato-septoria-5-500x384.jpg,tomato_septoria_leaf_spot,2ad392423ff2760273e25387b398bf5e8118271879938be8b20643a55ca8d355,,,
plantdoc_4f8604e031b17dd78dd4b14b5b4df2687cd1a50b3dae88bf460c2da3a3611ca0,plantdoc,data/processed/tomato_plantdoc/tomato_septoria_leaf_spot/train_tomato-septoria-5.jpg,tomato_septoria_leaf_spot,6dbdb4f99a7533193d70ebf7fdcabbacfcd3693a0a39546cde879a46b7ce8db5,,,
plantdoc_5f58b08a4b7735b9a20b8e97207e63b46f55dd271fa69a5275ebf2cf6280d039,plantdoc,data/processed/tomato_plantdoc/tomato_septoria_leaf_spot/train_tomato-septoria-leaf-spot--.jpg,tomato_septoria_leaf_spot,5de1dbc9ed87ae6713ba606b8852c0ffa3a7093e5bc05dcc11e5787041ea7258,,,
plantdoc_f272dedcffc41d77189847c24ecf773288931a1501bd14f53fda0fbb4c165ac5,plantdoc,data/processed/tomato_plantdoc/tomato_septoria_leaf_spot/train_tomato-septoria-leaf-spot-.jpg,tomato_septoria_leaf_spot,3c0500015b9ee00e6c4a40038ae26e4e4fb2a50ba1e566103315983aaafabd41,,,
plantdoc_dee37029ea02e3c94a0e11ea58819a8f30c1089a50a040c8d20983e601b0d306,plantdoc,data/processed/tomato_plantdoc/tomato_septoria_leaf_spot/train_tomato-septoria-leaf-spot-600.jpg,tomato_septoria_leaf_spot,0c373447b7d4126ce863e4469a6e7dd198d607593e49b1073b06f6831445bb21,,,
plantdoc_8bfe2357f7a629f33fb9829b02fd8e6d4026d95500b731fa1b29b40f2bf18af3,plantdoc,data/processed/tomato_plantdoc/tomato_septoria_leaf_spot/train_tomato-septoria-leaf-spot.jpg,tomato_septoria_leaf_spot,de4287f7e68678a481d5f874f3fd05d89ac6360b108aff3f3da1b11242c7b37d,,,
plantdoc_3c734426d1b000b56fef31775d19f84dbcf8c76b691094c179bd84621b2c5219,plantdoc,data/processed/tomato_plantdoc/tomato_septoria_leaf_spot/train_tomato_V8.jpg,tomato_septoria_leaf_spot,e23a29c94b58aac28e92f57f95eb6f53e99c874323cb2b90ebd327085721574e,,,dup_sha256_e23a29c94b58aac28e92f57f95eb6f53e99c874323cb2b90ebd327085721574e
plantdoc_083f95e8c080a680289d74701c2b4f7897b8ae2cdbcf881e9b3c2bd1b3043750,plantdoc,data/processed/tomato_plantdoc/tomato_septoria_leaf_spot/train_tomato_leaf_spots_1500x1500%253E.jpg,tomato_septoria_leaf_spot,c77e8a3e008d722dafba242e5022b6f04b6dec4761b3587e417051817c7c50fa,,,
plantdoc_f70adc57a5c84a57e5041200bf76e61e8ab201f2e55bd29692fcd5544e07717b,plantdoc,data/processed/tomato_plantdoc/tomato_septoria_leaf_spot/train_tomato_leaves_300x300%2523.jpg,tomato_septoria_leaf_spot,9338c8b6dc6cc536e345651c17fb42edd947076b4373069cc83312335db8d02b,,,
plantdoc_5a62b04b7b55d4b66c44b4f9d7a69287c2695f1c1ff46658bfd9f12b25738e06,plantdoc,data/processed/tomato_plantdoc/tomato_septoria_leaf_spot/train_tomato_septoria_05_zoom.jpg,tomato_septoria_leaf_spot,7f061bfb7c8595d299768535fe9823c732ff536fcab1408b30c04fdd42477f91,,,
plantdoc_768a58c12e84a0e7d08ead5231c2af4df1908ac203703621881c11313e0968a4,plantdoc,data/processed/tomato_plantdoc/tomato_septoria_leaf_spot/train_tomato_septoria_alternaria_1.jpg,tomato_septoria_leaf_spot,566a63d77cac3d5b7966f8909f0884e85e2af8b20775cad0e0bfce0d5b751d74,,,
plantdoc_0aa8476c51dcbe7a1bc4e8b0f486a7fc5625a38579c37e41345537d10d16205c,plantdoc,data/processed/tomato_plantdoc/tomato_septoria_leaf_spot/train_tomatofactsheet.png.png,tomato_septoria_leaf_spot,3b380dcb84fff7ab23c6f1e9787ada18367e6fdeb5cd0fb2087cff6b1cdd08fb,,,
plantdoc_1b6b56e9ebf96b95e5d47db8fb4751bed44a19757f6184def124156253010823,plantdoc,data/processed/tomato_plantdoc/tomato_septoria_leaf_spot/train_tomatoseptorialeafspotjpg-788d20798a3c74e7.jpg,tomato_septoria_leaf_spot,0cc5e519d218ddfee4f39bd575b1780a2f863ee13eb9e9dcba33f92af2a6c0d6,,,
plantdoc_da2e6ba282f6756f1789b433048bdf3638fbc2ca4a46273117d6043d7e977d8a,plantdoc,data/processed/tomato_plantdoc/tomato_septoria_leaf_spot/train_vdu-tomato-sept-eb-285x300.jpg,tomato_septoria_leaf_spot,311f28f1f5e8fef327ea3c52051efd8266a3f97a16ab06575bef74469da8f2b4,,,
plantdoc_a532023689503a9200037f0b157e46edccac56b3e1e8b8e604e31cd182e4489b,plantdoc,data/processed/tomato_plantdoc/tomato_septoria_leaf_spot/train_web1_copy_tomato-septoria-leaf-spot4.jpg,tomato_septoria_leaf_spot,de7f200bceaa19c462e2e8ea63015eb2cc95ef37ff60192b4e02b4c5b261ec16,,,
plantdoc_305c2c8ba22913ec3bb06774e4830c7b8ff132b5d4f01651531f982b1edd0aa5,plantdoc,data/processed/tomato_plantdoc/tomato_septoria_leaf_spot/train_x3-most-common-types-tomato-blight.jpg.pagespeed.ic.5cLJi6TXEi.jpg,tomato_septoria_leaf_spot,400c86fb37df6aac292264d32dfaa2fd033daeb9016bf45cdb9ad33458b8b753,,,
plantdoc_004eaae002817289b3d961e0c58cac2a7f65db46e29d5511123b977e3b7ca548,plantdoc,data/processed/tomato_plantdoc/tomato_septoria_leaf_spot/train_xgray-leaf-spot.jpg.pagespeed.ic.ltF8KfKtQ1.jpg,tomato_septoria_leaf_spot,4f57d8bbe3c8749886cf792b5cfd0852d2fecd51ecfa85f21ee97ae5b339cfdd,,,
